,id,target
0,1,1
1,4,1
2,5,0
3,6,1
4,7,1
5,8,1
6,10,1
7,13,1
8,14,1
9,15,1
10,16,1
11,17,1
12,18,0
13,19,1
14,20,1
15,23,0
16,24,0
17,25,0
18,26,0
19,28,0
20,31,0
21,32,0
22,33,0
23,34,0
24,36,0
25,37,0
26,38,0
27,39,0
28,40,0
29,41,0
30,44,0
31,48,1
32,49,0
33,50,1
34,52,0
35,53,0
36,54,0
37,55,1
38,56,0
39,57,0
40,59,0
41,61,0
42,62,0
43,63,0
44,64,0
45,65,0
46,66,1
47,67,0
48,68,0
49,71,0
50,73,1
51,74,1
52,76,0
53,77,1
54,78,0
55,79,1
56,80,1
57,81,0
58,82,0
59,83,1
60,85,0
61,86,0
62,89,0
63,91,1
64,92,0
65,93,1
66,95,0
67,96,0
68,97,1
69,98,1
70,100,0
71,102,0
72,104,1
73,105,1
74,107,1
75,109,0
76,110,0
77,112,1
78,113,1
79,114,1
80,117,0
81,118,1
82,119,0
83,120,1
84,121,1
85,126,1
86,128,1
87,129,1
88,130,1
89,131,1
90,132,0
91,133,1
92,134,1
93,135,1
94,136,1
95,137,1
96,138,0
97,139,1
98,141,0
99,143,1
100,144,1
101,145,0
102,146,0
103,149,0
104,151,0
105,153,0
106,156,0
107,157,0
108,158,0
109,159,0
110,160,0
111,161,0
112,162,0
113,163,0
114,164,0
115,165,0
116,168,0
117,170,0
118,171,0
119,172,0
120,173,0
121,174,0
122,175,0
123,176,0
124,178,0
125,180,0
126,182,0
127,183,0
128,184,0
129,185,0
130,187,0
131,190,0
132,191,0
133,193,0
134,194,0
135,195,0
136,196,1
137,197,1
138,198,0
139,199,1
140,201,1
141,203,1
142,204,1
143,205,1
144,208,1
145,209,1
146,210,1
147,211,1
148,212,1
149,213,0
150,215,0
151,216,1
152,218,1
153,219,1
154,220,1
155,221,1
156,222,1
157,225,1
158,226,1
159,229,1
160,231,1
161,232,1
162,235,1
163,237,1
164,238,1
165,240,1
166,241,0
167,242,0
168,243,1
169,244,1
170,245,1
171,246,1
172,247,1
173,248,1
174,249,1
175,251,0
176,252,0
177,253,1
178,254,0
179,256,0
180,258,1
181,260,0
182,261,1
183,262,1
184,263,0
185,264,0
186,265,0
187,266,1
188,267,0
189,268,0
190,269,1
191,270,1
192,271,0
193,272,0
194,273,0
195,274,1
196,276,1
197,277,1
198,279,0
199,280,0
200,281,0
201,283,1
202,285,1
203,287,1
204,289,1
205,290,0
206,291,0
207,293,1
208,294,0
209,296,0
210,297,0
211,298,0
212,299,0
213,301,0
214,302,1
215,303,0
216,307,0
217,309,0
218,310,1
219,312,0
220,313,1
221,314,0
222,315,0
223,316,0
224,318,1
225,320,1
226,321,0
227,322,1
228,327,0
229,328,0
230,329,0
231,330,0
232,331,0
233,332,0
234,334,1
235,335,0
236,336,0
237,337,0
238,338,1
239,340,1
240,341,0
241,344,0
242,345,0
243,346,0
244,347,0
245,348,0
246,349,0
247,352,0
248,353,1
249,354,1
250,355,0
251,356,0
252,358,0
253,360,0
254,361,0
255,363,0
256,364,1
257,365,1
258,368,0
259,370,0
260,371,0
261,372,0
262,375,0
263,380,0
264,381,0
265,383,0
266,384,0
267,386,0
268,389,0
269,390,1
270,393,0
271,394,0
272,396,0
273,397,1
274,398,0
275,401,0
276,402,0
277,404,1
278,406,0
279,407,0
280,409,0
281,410,1
282,412,0
283,413,0
284,415,0
285,418,1
286,419,0
287,420,0
288,421,0
289,423,0
290,424,1
291,426,0
292,427,0
293,429,0
294,432,1
295,435,0
296,436,0
297,437,0
298,438,0
299,440,1
300,442,1
301,443,1
302,444,0
303,445,0
304,446,0
305,447,0
306,448,0
307,450,0
308,451,0
309,452,0
310,453,0
311,454,0
312,455,0
313,456,0
314,457,0
315,459,0
316,461,0
317,462,1
318,463,0
319,465,0
320,466,0
321,467,1
322,468,0
323,469,1
324,470,0
325,471,0
326,472,0
327,474,0
328,475,0
329,476,0
330,477,0
331,478,1
332,479,0
333,480,0
334,481,0
335,482,0
336,483,0
337,484,0
338,485,0
339,486,0
340,487,0
341,489,0
342,490,1
343,492,0
344,493,0
345,495,0
346,496,0
347,498,0
348,499,0
349,501,0
350,502,0
351,503,0
352,504,0
353,506,0
354,509,1
355,512,0
356,513,0
357,514,0
358,516,1
359,517,0
360,518,0
361,519,0
362,520,0
363,521,0
364,522,0
365,523,0
366,524,0
367,526,0
368,527,0
369,528,0
370,530,0
371,531,0
372,533,0
373,535,0
374,536,0
375,538,1
376,540,0
377,542,0
378,543,0
379,544,0
380,546,0
381,550,0
382,551,1
383,552,0
384,556,1
385,558,1
386,559,1
387,560,1
388,561,0
389,563,0
390,564,0
391,565,1
392,567,1
393,568,1
394,569,1
395,570,1
396,571,1
397,574,0
398,575,1
399,576,1
400,577,0
401,578,0
402,579,1
403,580,1
404,581,0
405,583,0
406,584,1
407,585,0
408,588,1
409,589,1
410,592,1
411,594,1
412,598,1
413,599,0
414,600,1
415,603,0
416,604,1
417,606,1
418,607,0
419,608,0
420,609,0
421,611,0
422,612,0
423,613,0
424,614,1
425,615,0
426,617,0
427,619,0
428,621,0
429,622,0
430,623,0
431,624,0
432,625,0
433,628,0
434,630,1
435,631,0
436,633,0
437,635,1
438,636,0
439,637,0
440,638,0
441,640,0
442,641,0
443,642,0
444,643,0
445,644,1
446,646,1
447,649,0
448,651,1
449,652,1
450,653,0
451,654,1
452,655,1
453,656,0
454,657,1
455,658,1
456,659,1
457,660,1
458,661,1
459,662,1
460,664,1
461,665,1
462,667,1
463,669,0
464,671,0
465,672,0
466,674,1
467,675,1
468,677,1
469,679,0
470,680,1
471,681,1
472,682,0
473,683,0
474,684,1
475,685,1
476,686,0
477,687,0
478,688,0
479,689,0
480,690,1
481,691,0
482,697,0
483,699,1
484,700,0
485,702,0
486,704,0
487,705,0
488,706,0
489,709,1
490,710,1
491,712,1
492,713,1
493,714,1
494,716,0
495,717,1
496,719,0
497,720,0
498,721,0
499,724,1
500,725,1
501,726,0
502,727,1
503,728,0
504,729,1
505,730,1
506,731,1
507,732,0
508,734,1
509,735,0
510,736,1
511,737,1
512,738,1
513,739,1
514,740,1
515,744,0
516,745,1
517,746,0
518,748,0
519,751,0
520,752,0
521,753,0
522,754,0
523,755,0
524,758,0
525,759,0
526,761,0
527,762,0
528,763,0
529,767,0
530,770,0
531,773,0
532,774,0
533,775,1
534,777,0
535,779,0
536,781,0
537,782,0
538,783,0
539,784,0
540,786,0
541,787,0
542,788,0
543,790,0
544,791,0
545,794,1
546,795,0
547,796,0
548,797,1
549,798,0
550,799,0
551,800,0
552,801,1
553,802,0
554,803,0
555,804,0
556,805,0
557,806,0
558,807,0
559,808,0
560,809,0
561,810,0
562,812,0
563,814,0
564,815,0
565,817,0
566,818,0
567,819,0
568,820,0
569,822,0
570,823,0
571,826,0
572,828,0
573,829,1
574,832,0
575,833,0
576,834,1
577,835,0
578,836,0
579,837,1
580,838,1
581,840,1
582,841,0
583,842,0
584,843,1
585,845,1
586,846,1
587,848,0
588,849,1
589,851,0
590,852,1
591,853,0
592,856,1
593,857,1
594,859,0
595,860,0
596,863,1
597,864,0
598,866,0
599,867,1
600,868,0
601,870,1
602,871,0
603,872,1
604,873,1
605,874,0
606,875,1
607,876,1
608,877,1
609,878,0
610,881,1
611,882,1
612,883,1
613,884,0
614,885,1
615,886,1
616,888,1
617,890,1
618,891,0
619,892,0
620,893,1
621,894,1
622,895,1
623,896,1
624,898,1
625,899,1
626,902,1
627,903,0
628,905,1
629,906,0
630,907,1
631,911,0
632,912,1
633,915,1
634,916,1
635,919,1
636,921,0
637,923,1
638,926,1
639,928,1
640,929,0
641,930,0
642,931,0
643,932,0
644,934,0
645,935,0
646,936,0
647,938,1
648,939,0
649,940,1
650,941,0
651,942,0
652,944,0
653,945,1
654,946,1
655,947,0
656,948,0
657,951,0
658,952,0
659,953,0
660,955,0
661,956,0
662,957,0
663,958,0
664,959,0
665,960,0
666,961,0
667,962,0
668,963,0
669,964,1
670,965,0
671,968,0
672,971,0
673,972,0
674,974,0
675,976,0
676,977,0
677,978,0
678,979,0
679,981,0
680,982,0
681,983,0
682,984,0
683,985,0
684,986,0
685,987,0
686,990,0
687,991,0
688,992,0
689,993,0
690,994,0
691,996,0
692,997,0
693,998,0
694,999,0
695,1001,0
696,1002,0
697,1004,0
698,1005,0
699,1006,0
700,1008,0
701,1009,0
702,1010,0
703,1015,0
704,1017,0
705,1018,0
706,1020,0
707,1021,0
708,1022,0
709,1023,0
710,1024,0
711,1026,0
712,1029,0
713,1031,0
714,1032,0
715,1035,0
716,1036,0
717,1037,0
718,1038,0
719,1040,0
720,1041,0
721,1042,0
722,1043,0
723,1044,0
724,1045,0
725,1048,0
726,1049,0
727,1050,0
728,1051,1
729,1052,0
730,1054,0
731,1057,0
732,1058,0
733,1061,1
734,1062,0
735,1065,1
736,1066,0
737,1067,0
738,1069,0
739,1070,0
740,1071,0
741,1072,0
742,1073,0
743,1074,0
744,1075,1
745,1077,0
746,1078,0
747,1079,0
748,1080,0
749,1081,0
750,1082,0
751,1083,0
752,1084,0
753,1085,1
754,1088,0
755,1090,0
756,1091,0
757,1093,0
758,1094,0
759,1098,0
760,1099,0
761,1102,0
762,1103,0
763,1104,0
764,1105,0
765,1106,0
766,1109,0
767,1110,0
768,1112,0
769,1113,0
770,1114,0
771,1117,0
772,1118,0
773,1119,0
774,1120,0
775,1122,1
776,1123,0
777,1124,0
778,1126,0
779,1128,0
780,1129,0
781,1130,0
782,1132,0
783,1134,0
784,1136,0
785,1138,0
786,1139,0
787,1141,0
788,1142,0
789,1143,1
790,1145,0
791,1146,0
792,1149,0
793,1151,0
794,1152,0
795,1153,0
796,1154,0
797,1155,0
798,1156,0
799,1157,0
800,1160,0
801,1162,0
802,1164,0
803,1166,0
804,1167,0
805,1168,0
806,1170,0
807,1173,0
808,1174,1
809,1175,0
810,1177,0
811,1178,0
812,1179,0
813,1181,0
814,1182,0
815,1183,0
816,1185,0
817,1188,0
818,1189,0
819,1190,1
820,1191,0
821,1195,1
822,1196,0
823,1198,0
824,1199,0
825,1201,0
826,1202,0
827,1203,0
828,1204,0
829,1206,0
830,1207,0
831,1208,0
832,1209,0
833,1211,0
834,1212,0
835,1213,0
836,1214,0
837,1215,0
838,1217,0
839,1218,0
840,1219,0
841,1221,0
842,1222,0
843,1223,0
844,1224,0
845,1225,0
846,1226,0
847,1227,0
848,1228,0
849,1229,0
850,1230,0
851,1232,0
852,1234,0
853,1235,0
854,1236,0
855,1237,0
856,1238,0
857,1239,1
858,1240,0
859,1241,0
860,1242,0
861,1243,0
862,1244,0
863,1245,1
864,1249,0
865,1250,0
866,1251,0
867,1252,0
868,1253,0
869,1254,0
870,1259,1
871,1262,0
872,1263,0
873,1264,0
874,1267,0
875,1269,1
876,1270,0
877,1271,0
878,1272,0
879,1273,0
880,1275,0
881,1276,0
882,1277,1
883,1278,0
884,1279,0
885,1280,0
886,1282,0
887,1283,0
888,1284,0
889,1287,0
890,1288,0
891,1289,0
892,1290,0
893,1293,0
894,1294,0
895,1296,0
896,1297,0
897,1298,0
898,1300,0
899,1301,0
900,1302,0
901,1303,0
902,1304,0
903,1305,0
904,1307,0
905,1308,0
906,1309,0
907,1312,0
908,1315,0
909,1316,0
910,1317,0
911,1318,0
912,1319,0
913,1320,0
914,1321,0
915,1324,1
916,1326,0
917,1327,0
918,1328,0
919,1331,0
920,1332,0
921,1334,0
922,1335,0
923,1337,0
924,1338,0
925,1340,0
926,1341,1
927,1343,0
928,1345,0
929,1346,0
930,1347,0
931,1348,0
932,1349,1
933,1350,0
934,1351,0
935,1352,0
936,1353,0
937,1354,0
938,1356,0
939,1360,1
940,1361,0
941,1362,0
942,1363,0
943,1365,0
944,1368,0
945,1369,0
946,1371,0
947,1372,0
948,1374,0
949,1375,1
950,1376,0
951,1378,0
952,1379,0
953,1380,0
954,1381,0
955,1382,0
956,1383,0
957,1384,0
958,1385,0
959,1388,0
960,1389,0
961,1390,0
962,1391,0
963,1393,0
964,1394,0
965,1395,0
966,1396,0
967,1399,0
968,1401,0
969,1402,0
970,1405,0
971,1406,0
972,1407,0
973,1408,0
974,1409,0
975,1411,0
976,1412,0
977,1414,0
978,1415,0
979,1418,0
980,1419,0
981,1420,0
982,1421,0
983,1422,0
984,1425,0
985,1429,0
986,1431,0
987,1432,0
988,1433,1
989,1436,0
990,1439,0
991,1440,0
992,1441,0
993,1443,0
994,1444,0
995,1445,0
996,1447,0
997,1448,0
998,1449,0
999,1450,0
1000,1452,0
1001,1453,0
1002,1454,0
1003,1455,0
1004,1456,0
1005,1458,1
1006,1459,0
1007,1460,0
1008,1463,0
1009,1464,0
1010,1466,0
1011,1467,0
1012,1470,0
1013,1472,0
1014,1473,1
1015,1474,0
1016,1475,0
1017,1477,0
1018,1479,1
1019,1480,0
1020,1482,0
1021,1483,0
1022,1484,0
1023,1485,0
1024,1486,0
1025,1487,0
1026,1488,0
1027,1491,0
1028,1493,0
1029,1494,0
1030,1495,0
1031,1497,0
1032,1498,0
1033,1499,0
1034,1500,0
1035,1501,0
1036,1502,0
1037,1503,0
1038,1504,0
1039,1505,0
1040,1506,0
1041,1507,0
1042,1508,0
1043,1509,0
1044,1510,0
1045,1511,0
1046,1513,0
1047,1514,0
1048,1515,0
1049,1518,0
1050,1519,0
1051,1520,0
1052,1521,0
1053,1522,0
1054,1523,0
1055,1524,0
1056,1525,0
1057,1526,0
1058,1527,0
1059,1530,0
1060,1531,0
1061,1532,1
1062,1533,0
1063,1534,1
1064,1535,1
1065,1537,0
1066,1538,0
1067,1540,0
1068,1543,0
1069,1544,0
1070,1545,1
1071,1546,0
1072,1547,0
1073,1549,0
1074,1553,0
1075,1554,1
1076,1555,1
1077,1556,1
1078,1558,0
1079,1559,0
1080,1560,1
1081,1561,1
1082,1562,0
1083,1567,1
1084,1568,0
1085,1569,1
1086,1570,0
1087,1572,0
1088,1573,1
1089,1574,1
1090,1575,1
1091,1576,0
1092,1577,0
1093,1579,0
1094,1580,0
1095,1582,1
1096,1585,1
1097,1587,0
1098,1588,0
1099,1590,1
1100,1591,0
1101,1593,1
1102,1594,1
1103,1595,1
1104,1596,1
1105,1597,0
1106,1599,0
1107,1600,1
1108,1601,0
1109,1602,0
1110,1603,1
1111,1604,1
1112,1605,0
1113,1607,0
1114,1608,0
1115,1609,0
1116,1610,1
1117,1611,0
1118,1613,0
1119,1614,0
1120,1615,0
1121,1617,0
1122,1618,0
1123,1619,0
1124,1621,1
1125,1622,0
1126,1623,1
1127,1625,1
1128,1626,1
1129,1627,0
1130,1628,0
1131,1631,1
1132,1632,1
1133,1633,1
1134,1634,1
1135,1636,1
1136,1637,1
1137,1638,1
1138,1639,1
1139,1643,1
1140,1644,1
1141,1645,1
1142,1646,1
1143,1647,1
1144,1648,1
1145,1649,1
1146,1650,1
1147,1652,1
1148,1653,1
1149,1654,1
1150,1657,1
1151,1658,1
1152,1660,1
1153,1661,1
1154,1662,1
1155,1663,0
1156,1665,1
1157,1666,0
1158,1669,1
1159,1670,1
1160,1671,0
1161,1672,0
1162,1673,1
1163,1675,1
1164,1676,1
1165,1677,1
1166,1679,1
1167,1683,1
1168,1684,1
1169,1686,1
1170,1687,1
1171,1688,1
1172,1689,1
1173,1690,1
1174,1691,0
1175,1692,1
1176,1693,1
1177,1694,1
1178,1698,0
1179,1699,1
1180,1700,1
1181,1701,1
1182,1702,1
1183,1703,1
1184,1705,1
1185,1706,1
1186,1707,1
1187,1709,1
1188,1710,1
1189,1712,1
1190,1715,0
1191,1716,1
1192,1718,1
1193,1719,0
1194,1720,1
1195,1721,1
1196,1722,1
1197,1723,1
1198,1724,1
1199,1725,1
1200,1726,1
1201,1727,1
1202,1728,1
1203,1731,0
1204,1733,0
1205,1735,1
1206,1737,0
1207,1739,1
1208,1740,1
1209,1741,1
1210,1744,0
1211,1745,1
1212,1747,0
1213,1750,1
1214,1752,1
1215,1753,1
1216,1754,1
1217,1755,1
1218,1756,1
1219,1757,1
1220,1759,1
1221,1760,1
1222,1761,1
1223,1762,1
1224,1763,1
1225,1766,0
1226,1767,0
1227,1768,1
1228,1769,1
1229,1770,1
1230,1771,0
1231,1772,1
1232,1773,0
1233,1774,1
1234,1775,1
1235,1776,1
1236,1779,1
1237,1780,1
1238,1784,0
1239,1786,1
1240,1787,1
1241,1789,1
1242,1790,1
1243,1791,1
1244,1792,1
1245,1796,1
1246,1798,0
1247,1799,0
1248,1802,1
1249,1803,1
1250,1804,0
1251,1807,1
1252,1808,1
1253,1809,1
1254,1810,1
1255,1811,1
1256,1812,1
1257,1813,1
1258,1814,1
1259,1815,1
1260,1816,1
1261,1817,1
1262,1818,1
1263,1821,0
1264,1822,1
1265,1823,0
1266,1824,0
1267,1826,0
1268,1827,0
1269,1831,0
1270,1832,0
1271,1833,0
1272,1834,0
1273,1835,0
1274,1836,1
1275,1837,0
1276,1838,0
1277,1840,1
1278,1841,0
1279,1842,0
1280,1845,0
1281,1847,0
1282,1848,0
1283,1851,0
1284,1852,0
1285,1853,0
1286,1856,0
1287,1857,0
1288,1860,0
1289,1861,1
1290,1863,0
1291,1864,0
1292,1865,1
1293,1866,0
1294,1869,0
1295,1870,1
1296,1873,0
1297,1875,0
1298,1877,0
1299,1878,0
1300,1880,1
1301,1881,0
1302,1882,0
1303,1883,1
1304,1885,1
1305,1886,0
1306,1887,1
1307,1888,0
1308,1889,0
1309,1890,1
1310,1892,1
1311,1893,0
1312,1895,0
1313,1897,0
1314,1898,0
1315,1899,0
1316,1900,0
1317,1901,1
1318,1905,0
1319,1908,0
1320,1909,0
1321,1910,1
1322,1911,0
1323,1914,1
1324,1915,1
1325,1916,0
1326,1917,0
1327,1918,0
1328,1919,0
1329,1920,0
1330,1921,1
1331,1922,1
1332,1924,0
1333,1925,1
1334,1927,1
1335,1929,1
1336,1932,0
1337,1933,0
1338,1935,0
1339,1937,1
1340,1938,1
1341,1939,0
1342,1940,0
1343,1941,1
1344,1942,1
1345,1943,1
1346,1945,1
1347,1948,0
1348,1949,0
1349,1950,1
1350,1951,0
1351,1952,1
1352,1953,0
1353,1954,1
1354,1955,0
1355,1956,0
1356,1957,1
1357,1959,1
1358,1960,1
1359,1961,1
1360,1962,1
1361,1963,0
1362,1965,0
1363,1966,1
1364,1967,1
1365,1968,1
1366,1969,1
1367,1971,1
1368,1972,1
1369,1973,1
1370,1975,0
1371,1976,1
1372,1979,1
1373,1980,1
1374,1981,0
1375,1983,1
1376,1985,1
1377,1986,0
1378,1987,0
1379,1989,1
1380,1990,1
1381,1991,1
1382,1992,1
1383,1994,1
1384,1995,1
1385,1996,1
1386,1999,0
1387,2000,1
1388,2001,1
1389,2003,1
1390,2006,0
1391,2007,1
1392,2009,0
1393,2010,1
1394,2012,1
1395,2014,1
1396,2015,1
1397,2016,1
1398,2017,0
1399,2019,1
1400,2020,1
1401,2022,0
1402,2023,1
1403,2024,1
1404,2026,0
1405,2027,1
1406,2028,0
1407,2031,1
1408,2033,1
1409,2034,1
1410,2035,1
1411,2036,1
1412,2038,1
1413,2039,0
1414,2040,1
1415,2042,1
1416,2043,1
1417,2045,1
1418,2046,0
1419,2047,1
1420,2049,1
1421,2050,0
1422,2051,1
1423,2055,1
1424,2056,1
1425,2057,1
1426,2058,0
1427,2059,1
1428,2060,0
1429,2061,0
1430,2063,1
1431,2064,0
1432,2067,1
1433,2068,1
1434,2069,1
1435,2070,0
1436,2071,0
1437,2073,1
1438,2074,0
1439,2075,0
1440,2076,0
1441,2077,1
1442,2078,1
1443,2081,1
1444,2082,0
1445,2083,0
1446,2084,0
1447,2086,0
1448,2087,0
1449,2089,1
1450,2091,0
1451,2094,0
1452,2095,0
1453,2096,0
1454,2097,1
1455,2098,0
1456,2099,0
1457,2100,1
1458,2102,1
1459,2103,1
1460,2108,0
1461,2109,1
1462,2110,0
1463,2111,0
1464,2112,0
1465,2113,0
1466,2114,0
1467,2115,0
1468,2116,0
1469,2117,0
1470,2118,1
1471,2119,0
1472,2121,1
1473,2122,0
1474,2123,0
1475,2125,1
1476,2126,0
1477,2128,0
1478,2129,0
1479,2131,0
1480,2133,0
1481,2134,0
1482,2136,0
1483,2138,0
1484,2139,0
1485,2141,1
1486,2142,0
1487,2144,1
1488,2145,0
1489,2146,0
1490,2148,0
1491,2149,0
1492,2150,0
1493,2153,1
1494,2154,0
1495,2157,0
1496,2158,0
1497,2159,1
1498,2160,0
1499,2161,1
1500,2163,0
1501,2164,1
1502,2169,1
1503,2171,1
1504,2172,1
1505,2173,1
1506,2174,1
1507,2175,0
1508,2176,0
1509,2177,1
1510,2179,1
1511,2181,0
1512,2183,0
1513,2186,0
1514,2188,1
1515,2189,1
1516,2190,1
1517,2191,1
1518,2192,1
1519,2193,1
1520,2194,1
1521,2195,1
1522,2198,1
1523,2203,0
1524,2204,0
1525,2205,0
1526,2207,0
1527,2209,0
1528,2210,0
1529,2211,1
1530,2212,1
1531,2213,1
1532,2214,0
1533,2215,1
1534,2216,0
1535,2217,0
1536,2219,1
1537,2220,0
1538,2221,1
1539,2222,1
1540,2225,1
1541,2227,1
1542,2229,0
1543,2230,0
1544,2231,0
1545,2233,1
1546,2235,0
1547,2236,0
1548,2237,0
1549,2238,1
1550,2239,1
1551,2240,0
1552,2241,0
1553,2242,1
1554,2244,0
1555,2245,0
1556,2246,0
1557,2248,1
1558,2250,1
1559,2251,1
1560,2254,0
1561,2255,0
1562,2256,0
1563,2257,1
1564,2258,0
1565,2260,1
1566,2262,0
1567,2263,1
1568,2265,0
1569,2266,0
1570,2267,1
1571,2271,0
1572,2272,0
1573,2273,0
1574,2274,0
1575,2275,1
1576,2277,0
1577,2278,0
1578,2279,0
1579,2280,0
1580,2281,0
1581,2282,1
1582,2284,0
1583,2285,0
1584,2286,0
1585,2288,0
1586,2289,1
1587,2292,1
1588,2294,0
1589,2296,0
1590,2297,0
1591,2298,1
1592,2299,0
1593,2300,0
1594,2301,0
1595,2303,0
1596,2304,1
1597,2306,0
1598,2307,1
1599,2308,0
1600,2309,0
1601,2311,1
1602,2312,0
1603,2314,1
1604,2315,1
1605,2317,0
1606,2318,0
1607,2319,0
1608,2321,1
1609,2324,0
1610,2325,0
1611,2327,0
1612,2329,0
1613,2330,1
1614,2332,1
1615,2333,0
1616,2334,0
1617,2336,0
1618,2337,1
1619,2339,0
1620,2340,1
1621,2341,1
1622,2342,0
1623,2346,1
1624,2347,1
1625,2348,1
1626,2349,0
1627,2350,1
1628,2351,0
1629,2352,1
1630,2354,0
1631,2356,0
1632,2358,0
1633,2359,0
1634,2361,0
1635,2362,1
1636,2363,0
1637,2364,1
1638,2366,0
1639,2367,1
1640,2368,1
1641,2370,1
1642,2372,0
1643,2373,0
1644,2374,0
1645,2375,0
1646,2376,0
1647,2377,1
1648,2379,0
1649,2382,1
1650,2385,0
1651,2386,0
1652,2387,0
1653,2388,1
1654,2389,0
1655,2390,0
1656,2391,0
1657,2394,0
1658,2395,0
1659,2396,1
1660,2397,0
1661,2398,1
1662,2399,1
1663,2400,0
1664,2402,0
1665,2406,0
1666,2408,0
1667,2409,0
1668,2410,0
1669,2412,0
1670,2413,0
1671,2414,0
1672,2415,0
1673,2416,0
1674,2417,0
1675,2418,0
1676,2419,0
1677,2420,0
1678,2421,0
1679,2422,0
1680,2423,0
1681,2425,0
1682,2427,0
1683,2428,0
1684,2429,0
1685,2430,0
1686,2432,1
1687,2435,0
1688,2437,0
1689,2438,0
1690,2440,0
1691,2441,1
1692,2442,0
1693,2443,1
1694,2445,0
1695,2446,0
1696,2451,0
1697,2452,0
1698,2453,0
1699,2454,0
1700,2455,0
1701,2456,0
1702,2457,0
1703,2458,1
1704,2459,1
1705,2460,0
1706,2462,0
1707,2463,0
1708,2464,0
1709,2465,0
1710,2466,1
1711,2467,1
1712,2468,1
1713,2470,1
1714,2471,1
1715,2475,0
1716,2476,0
1717,2478,1
1718,2479,0
1719,2480,1
1720,2482,1
1721,2483,1
1722,2485,0
1723,2486,0
1724,2487,0
1725,2488,1
1726,2489,1
1727,2490,0
1728,2491,1
1729,2492,0
1730,2493,1
1731,2494,0
1732,2496,0
1733,2497,1
1734,2498,0
1735,2499,1
1736,2500,1
1737,2501,1
1738,2502,0
1739,2504,1
1740,2505,1
1741,2506,1
1742,2507,1
1743,2508,1
1744,2510,1
1745,2512,1
1746,2513,0
1747,2514,0
1748,2515,1
1749,2516,1
1750,2517,1
1751,2519,1
1752,2520,0
1753,2521,0
1754,2523,0
1755,2524,0
1756,2527,1
1757,2528,1
1758,2530,1
1759,2531,0
1760,2532,1
1761,2534,1
1762,2535,1
1763,2536,1
1764,2537,1
1765,2538,0
1766,2539,1
1767,2540,1
1768,2541,1
1769,2542,0
1770,2543,1
1771,2544,1
1772,2545,1
1773,2546,1
1774,2547,1
1775,2548,1
1776,2550,0
1777,2552,0
1778,2553,0
1779,2554,0
1780,2555,0
1781,2556,0
1782,2557,1
1783,2559,0
1784,2560,0
1785,2561,0
1786,2564,0
1787,2565,1
1788,2566,1
1789,2568,0
1790,2569,0
1791,2570,0
1792,2571,1
1793,2572,0
1794,2573,0
1795,2575,0
1796,2576,0
1797,2579,0
1798,2582,0
1799,2585,0
1800,2587,0
1801,2588,1
1802,2590,0
1803,2591,0
1804,2592,0
1805,2593,1
1806,2594,0
1807,2597,1
1808,2598,1
1809,2599,0
1810,2602,0
1811,2603,0
1812,2604,1
1813,2605,1
1814,2606,0
1815,2608,1
1816,2609,1
1817,2611,1
1818,2612,1
1819,2614,1
1820,2616,0
1821,2617,1
1822,2619,1
1823,2621,1
1824,2622,0
1825,2624,0
1826,2625,1
1827,2627,1
1828,2628,1
1829,2629,1
1830,2631,1
1831,2632,1
1832,2633,1
1833,2635,0
1834,2637,1
1835,2640,0
1836,2641,0
1837,2642,0
1838,2643,0
1839,2644,0
1840,2645,0
1841,2647,1
1842,2648,1
1843,2649,1
1844,2651,1
1845,2655,0
1846,2656,0
1847,2657,1
1848,2658,0
1849,2659,0
1850,2660,0
1851,2661,0
1852,2663,0
1853,2664,0
1854,2666,0
1855,2667,0
1856,2668,0
1857,2670,0
1858,2671,0
1859,2672,0
1860,2673,0
1861,2675,0
1862,2676,0
1863,2677,0
1864,2679,0
1865,2680,0
1866,2682,0
1867,2683,0
1868,2684,0
1869,2687,0
1870,2688,0
1871,2689,0
1872,2691,0
1873,2692,0
1874,2693,0
1875,2694,0
1876,2695,0
1877,2696,0
1878,2698,0
1879,2700,0
1880,2701,0
1881,2702,0
1882,2703,0
1883,2706,0
1884,2707,0
1885,2708,0
1886,2709,0
1887,2711,0
1888,2714,0
1889,2715,0
1890,2719,0
1891,2720,0
1892,2723,0
1893,2724,0
1894,2725,0
1895,2726,0
1896,2727,0
1897,2728,0
1898,2729,0
1899,2730,0
1900,2731,0
1901,2732,0
1902,2733,0
1903,2734,0
1904,2736,0
1905,2739,0
1906,2740,1
1907,2741,0
1908,2743,1
1909,2744,0
1910,2748,0
1911,2749,0
1912,2752,0
1913,2753,0
1914,2755,0
1915,2756,0
1916,2757,0
1917,2758,0
1918,2759,0
1919,2760,1
1920,2761,0
1921,2763,0
1922,2765,0
1923,2766,0
1924,2767,0
1925,2768,0
1926,2769,0
1927,2770,0
1928,2771,0
1929,2773,0
1930,2774,1
1931,2777,0
1932,2778,0
1933,2780,1
1934,2782,1
1935,2783,0
1936,2784,0
1937,2785,0
1938,2786,0
1939,2787,0
1940,2788,0
1941,2792,0
1942,2793,0
1943,2794,0
1944,2795,0
1945,2796,0
1946,2797,0
1947,2799,0
1948,2801,0
1949,2802,0
1950,2803,0
1951,2807,1
1952,2808,0
1953,2811,0
1954,2813,1
1955,2815,0
1956,2817,0
1957,2819,1
1958,2820,1
1959,2821,1
1960,2822,1
1961,2825,1
1962,2826,1
1963,2827,1
1964,2828,1
1965,2829,0
1966,2830,0
1967,2831,1
1968,2832,0
1969,2833,1
1970,2835,1
1971,2836,1
1972,2838,0
1973,2839,0
1974,2841,1
1975,2842,1
1976,2843,0
1977,2844,0
1978,2846,0
1979,2849,1
1980,2851,1
1981,2852,0
1982,2853,0
1983,2854,0
1984,2855,0
1985,2856,0
1986,2857,1
1987,2858,0
1988,2860,0
1989,2861,0
1990,2863,1
1991,2864,0
1992,2865,0
1993,2866,0
1994,2867,0
1995,2869,1
1996,2870,1
1997,2871,1
1998,2872,0
1999,2873,1
2000,2875,0
2001,2877,0
2002,2878,1
2003,2879,1
2004,2880,0
2005,2881,1
2006,2882,0
2007,2883,1
2008,2884,1
2009,2885,1
2010,2886,1
2011,2887,0
2012,2888,0
2013,2889,1
2014,2890,0
2015,2891,0
2016,2893,1
2017,2895,1
2018,2896,0
2019,2898,0
2020,2899,0
2021,2900,0
2022,2902,1
2023,2905,0
2024,2907,0
2025,2908,0
2026,2909,1
2027,2910,0
2028,2911,1
2029,2912,0
2030,2913,1
2031,2915,0
2032,2916,0
2033,2917,1
2034,2920,0
2035,2921,0
2036,2922,0
2037,2924,0
2038,2925,0
2039,2927,0
2040,2929,1
2041,2931,0
2042,2932,0
2043,2933,0
2044,2934,0
2045,2935,0
2046,2936,0
2047,2937,0
2048,2939,0
2049,2941,0
2050,2942,1
2051,2943,1
2052,2944,0
2053,2945,0
2054,2946,0
2055,2947,0
2056,2948,0
2057,2950,1
2058,2952,0
2059,2953,0
2060,2954,1
2061,2955,0
2062,2956,0
2063,2957,0
2064,2959,0
2065,2960,0
2066,2963,0
2067,2965,0
2068,2969,0
2069,2970,0
2070,2971,0
2071,2973,1
2072,2974,0
2073,2975,0
2074,2976,0
2075,2980,0
2076,2982,1
2077,2983,0
2078,2984,0
2079,2987,0
2080,2988,0
2081,2990,0
2082,2991,1
2083,2992,0
2084,2993,1
2085,2995,1
2086,2998,0
2087,3000,0
2088,3001,0
2089,3003,0
2090,3004,0
2091,3005,0
2092,3006,0
2093,3009,0
2094,3010,1
2095,3011,0
2096,3012,1
2097,3013,0
2098,3014,0
2099,3015,0
2100,3016,0
2101,3018,0
2102,3019,0
2103,3021,0
2104,3022,1
2105,3023,1
2106,3025,0
2107,3026,1
2108,3027,0
2109,3029,0
2110,3030,0
2111,3034,0
2112,3036,0
2113,3037,1
2114,3038,1
2115,3039,0
2116,3042,0
2117,3043,0
2118,3044,0
2119,3045,0
2120,3047,0
2121,3048,0
2122,3049,0
2123,3051,0
2124,3052,0
2125,3053,1
2126,3054,0
2127,3055,1
2128,3056,1
2129,3057,1
2130,3058,1
2131,3059,1
2132,3060,1
2133,3061,1
2134,3062,1
2135,3064,0
2136,3066,1
2137,3068,0
2138,3070,0
2139,3071,0
2140,3072,1
2141,3073,0
2142,3074,0
2143,3075,1
2144,3077,0
2145,3079,0
2146,3080,0
2147,3082,1
2148,3083,0
2149,3084,1
2150,3085,0
2151,3086,1
2152,3089,1
2153,3090,0
2154,3091,1
2155,3092,1
2156,3093,1
2157,3095,1
2158,3097,1
2159,3099,0
2160,3100,1
2161,3101,1
2162,3102,0
2163,3104,1
2164,3105,1
2165,3106,1
2166,3107,1
2167,3108,1
2168,3109,1
2169,3111,1
2170,3112,1
2171,3114,1
2172,3115,1
2173,3116,1
2174,3117,1
2175,3118,1
2176,3119,1
2177,3120,1
2178,3122,1
2179,3123,1
2180,3124,1
2181,3125,1
2182,3126,1
2183,3130,1
2184,3131,1
2185,3132,1
2186,3133,1
2187,3134,1
2188,3136,1
2189,3137,1
2190,3138,1
2191,3139,1
2192,3140,1
2193,3141,1
2194,3142,1
2195,3144,1
2196,3145,1
2197,3147,1
2198,3150,1
2199,3152,1
2200,3153,0
2201,3154,0
2202,3155,0
2203,3157,0
2204,3158,0
2205,3159,0
2206,3161,1
2207,3162,0
2208,3163,0
2209,3165,1
2210,3166,0
2211,3167,0
2212,3168,0
2213,3170,0
2214,3171,0
2215,3172,0
2216,3173,0
2217,3174,0
2218,3175,0
2219,3176,0
2220,3177,1
2221,3179,0
2222,3180,0
2223,3181,0
2224,3182,0
2225,3183,0
2226,3184,0
2227,3185,0
2228,3186,0
2229,3188,0
2230,3189,0
2231,3190,0
2232,3191,0
2233,3192,0
2234,3193,0
2235,3195,0
2236,3196,1
2237,3197,0
2238,3198,0
2239,3199,0
2240,3200,0
2241,3201,0
2242,3205,0
2243,3210,0
2244,3211,0
2245,3212,1
2246,3216,0
2247,3217,0
2248,3218,0
2249,3219,0
2250,3221,0
2251,3222,0
2252,3225,0
2253,3227,0
2254,3229,0
2255,3231,1
2256,3235,0
2257,3236,1
2258,3237,0
2259,3239,0
2260,3240,1
2261,3241,0
2262,3242,0
2263,3243,0
2264,3244,0
2265,3245,0
2266,3248,1
2267,3249,0
2268,3252,1
2269,3253,1
2270,3255,0
2271,3256,0
2272,3259,0
2273,3260,0
2274,3262,0
2275,3263,0
2276,3264,0
2277,3265,0
2278,3266,0
2279,3270,0
2280,3274,0
2281,3275,0
2282,3276,0
2283,3277,0
2284,3278,0
2285,3280,1
2286,3281,0
2287,3282,0
2288,3283,0
2289,3284,0
2290,3285,0
2291,3286,0
2292,3287,0
2293,3288,0
2294,3289,0
2295,3292,0
2296,3295,0
2297,3296,0
2298,3297,0
2299,3299,1
2300,3300,0
2301,3301,0
2302,3302,0
2303,3303,0
2304,3304,0
2305,3308,0
2306,3309,0
2307,3311,0
2308,3312,0
2309,3317,0
2310,3318,1
2311,3319,1
2312,3320,0
2313,3322,0
2314,3323,0
2315,3324,0
2316,3328,0
2317,3329,0
2318,3334,1
2319,3335,0
2320,3336,0
2321,3337,1
2322,3338,0
2323,3339,0
2324,3340,1
2325,3341,0
2326,3342,0
2327,3345,0
2328,3346,0
2329,3347,1
2330,3351,1
2331,3355,1
2332,3356,0
2333,3357,0
2334,3359,0
2335,3361,0
2336,3362,0
2337,3363,0
2338,3364,0
2339,3365,0
2340,3367,1
2341,3368,1
2342,3369,0
2343,3370,1
2344,3372,0
2345,3373,0
2346,3376,0
2347,3377,0
2348,3379,1
2349,3380,0
2350,3381,0
2351,3383,0
2352,3387,0
2353,3388,0
2354,3389,0
2355,3390,0
2356,3391,1
2357,3393,0
2358,3394,0
2359,3395,0
2360,3396,1
2361,3397,1
2362,3398,0
2363,3400,0
2364,3401,0
2365,3402,0
2366,3403,0
2367,3404,1
2368,3405,0
2369,3406,0
2370,3408,0
2371,3410,0
2372,3411,0
2373,3412,1
2374,3413,1
2375,3414,1
2376,3415,1
2377,3417,1
2378,3418,0
2379,3419,1
2380,3421,0
2381,3423,1
2382,3425,0
2383,3428,0
2384,3429,1
2385,3430,0
2386,3431,1
2387,3432,1
2388,3433,1
2389,3435,0
2390,3436,1
2391,3437,1
2392,3439,1
2393,3440,0
2394,3445,0
2395,3446,1
2396,3447,0
2397,3448,0
2398,3450,0
2399,3451,1
2400,3452,1
2401,3455,1
2402,3459,1
2403,3460,0
2404,3462,1
2405,3463,1
2406,3464,0
2407,3465,1
2408,3466,0
2409,3468,1
2410,3469,1
2411,3470,1
2412,3471,0
2413,3472,0
2414,3473,1
2415,3474,1
2416,3475,1
2417,3476,1
2418,3477,1
2419,3478,1
2420,3480,1
2421,3481,0
2422,3482,1
2423,3483,0
2424,3484,1
2425,3485,0
2426,3486,1
2427,3487,1
2428,3489,0
2429,3490,0
2430,3492,0
2431,3493,0
2432,3494,1
2433,3495,1
2434,3497,1
2435,3498,1
2436,3499,0
2437,3500,1
2438,3501,1
2439,3503,1
2440,3504,1
2441,3505,1
2442,3506,1
2443,3508,1
2444,3509,1
2445,3510,1
2446,3512,1
2447,3513,1
2448,3514,1
2449,3517,1
2450,3518,1
2451,3519,1
2452,3520,1
2453,3521,1
2454,3522,1
2455,3523,1
2456,3524,1
2457,3525,0
2458,3526,1
2459,3527,1
2460,3528,1
2461,3529,1
2462,3530,1
2463,3531,1
2464,3532,0
2465,3533,1
2466,3534,1
2467,3535,1
2468,3536,1
2469,3537,1
2470,3540,1
2471,3542,1
2472,3543,1
2473,3544,1
2474,3548,1
2475,3549,1
2476,3550,1
2477,3552,1
2478,3554,1
2479,3555,0
2480,3557,0
2481,3560,0
2482,3565,0
2483,3566,0
2484,3567,0
2485,3568,0
2486,3569,0
2487,3570,0
2488,3572,1
2489,3573,0
2490,3575,0
2491,3578,0
2492,3581,0
2493,3582,0
2494,3583,0
2495,3584,0
2496,3585,0
2497,3587,0
2498,3588,0
2499,3589,0
2500,3591,0
2501,3592,0
2502,3593,0
2503,3594,0
2504,3595,1
2505,3596,0
2506,3597,0
2507,3598,1
2508,3602,0
2509,3603,0
2510,3604,0
2511,3607,1
2512,3608,0
2513,3609,0
2514,3610,0
2515,3611,0
2516,3613,1
2517,3617,0
2518,3618,0
2519,3619,0
2520,3621,0
2521,3623,0
2522,3625,1
2523,3626,0
2524,3627,0
2525,3628,0
2526,3629,0
2527,3631,0
2528,3632,0
2529,3633,0
2530,3634,0
2531,3635,1
2532,3636,0
2533,3637,0
2534,3638,0
2535,3639,0
2536,3640,1
2537,3641,0
2538,3642,0
2539,3643,0
2540,3645,0
2541,3646,0
2542,3647,0
2543,3648,0
2544,3650,1
2545,3652,0
2546,3653,0
2547,3655,0
2548,3656,0
2549,3657,0
2550,3658,0
2551,3659,0
2552,3660,1
2553,3661,0
2554,3662,1
2555,3663,1
2556,3664,1
2557,3666,0
2558,3667,0
2559,3669,0
2560,3670,0
2561,3674,0
2562,3675,0
2563,3676,1
2564,3679,0
2565,3680,0
2566,3681,0
2567,3682,0
2568,3683,0
2569,3684,0
2570,3685,0
2571,3686,0
2572,3689,0
2573,3690,1
2574,3691,0
2575,3692,0
2576,3694,0
2577,3695,0
2578,3696,0
2579,3697,0
2580,3700,0
2581,3702,0
2582,3704,0
2583,3705,0
2584,3708,0
2585,3710,0
2586,3712,0
2587,3713,0
2588,3715,1
2589,3717,1
2590,3718,0
2591,3719,0
2592,3721,1
2593,3722,0
2594,3723,0
2595,3724,1
2596,3725,1
2597,3726,0
2598,3727,0
2599,3729,0
2600,3730,0
2601,3735,1
2602,3736,1
2603,3737,1
2604,3738,0
2605,3739,0
2606,3741,0
2607,3742,0
2608,3743,0
2609,3744,0
2610,3745,1
2611,3747,0
2612,3748,0
2613,3750,0
2614,3752,0
2615,3753,0
2616,3754,0
2617,3756,0
2618,3758,0
2619,3759,0
2620,3760,0
2621,3761,1
2622,3763,0
2623,3764,0
2624,3765,1
2625,3766,0
2626,3768,0
2627,3770,1
2628,3771,0
2629,3772,1
2630,3773,0
2631,3774,0
2632,3775,0
2633,3776,0
2634,3777,0
2635,3778,0
2636,3780,0
2637,3785,0
2638,3786,0
2639,3787,0
2640,3788,1
2641,3789,0
2642,3793,0
2643,3795,1
2644,3796,1
2645,3797,0
2646,3798,0
2647,3800,1
2648,3802,0
2649,3803,0
2650,3805,0
2651,3806,0
2652,3807,0
2653,3810,1
2654,3812,1
2655,3814,0
2656,3815,0
2657,3816,0
2658,3819,1
2659,3820,0
2660,3821,0
2661,3822,0
2662,3824,1
2663,3825,0
2664,3826,1
2665,3827,0
2666,3828,0
2667,3829,0
2668,3830,1
2669,3831,0
2670,3832,0
2671,3833,0
2672,3834,0
2673,3835,0
2674,3836,0
2675,3837,0
2676,3838,1
2677,3839,0
2678,3840,0
2679,3841,0
2680,3842,0
2681,3845,0
2682,3848,0
2683,3849,0
2684,3850,0
2685,3851,1
2686,3853,1
2687,3855,1
2688,3857,0
2689,3858,0
2690,3859,0
2691,3860,1
2692,3861,1
2693,3862,0
2694,3864,0
2695,3866,1
2696,3868,0
2697,3869,0
2698,3870,1
2699,3873,0
2700,3874,1
2701,3875,0
2702,3876,0
2703,3877,1
2704,3879,0
2705,3887,0
2706,3888,0
2707,3889,0
2708,3892,0
2709,3893,1
2710,3894,0
2711,3895,1
2712,3896,0
2713,3897,1
2714,3899,0
2715,3900,1
2716,3901,1
2717,3903,1
2718,3904,0
2719,3905,1
2720,3906,1
2721,3907,1
2722,3908,1
2723,3911,1
2724,3913,1
2725,3914,1
2726,3916,1
2727,3917,0
2728,3919,1
2729,3921,0
2730,3922,0
2731,3923,0
2732,3924,0
2733,3926,0
2734,3927,0
2735,3932,0
2736,3933,1
2737,3935,1
2738,3936,1
2739,3937,1
2740,3938,0
2741,3940,0
2742,3944,0
2743,3945,0
2744,3947,1
2745,3948,1
2746,3949,1
2747,3950,1
2748,3951,1
2749,3952,1
2750,3953,0
2751,3954,1
2752,3955,1
2753,3956,1
2754,3957,1
2755,3958,1
2756,3959,0
2757,3960,1
2758,3961,1
2759,3962,1
2760,3964,1
2761,3967,1
2762,3968,1
2763,3969,0
2764,3970,1
2765,3973,0
2766,3975,0
2767,3977,1
2768,3979,1
2769,3980,0
2770,3982,1
2771,3983,1
2772,3984,1
2773,3989,1
2774,3990,0
2775,3992,1
2776,3993,1
2777,3994,1
2778,3995,0
2779,3996,1
2780,3997,0
2781,3998,0
2782,4000,0
2783,4003,0
2784,4005,0
2785,4006,1
2786,4008,0
2787,4010,1
2788,4011,1
2789,4012,0
2790,4014,0
2791,4017,1
2792,4018,0
2793,4019,1
2794,4020,1
2795,4021,1
2796,4022,1
2797,4024,1
2798,4025,1
2799,4026,0
2800,4027,0
2801,4028,0
2802,4029,0
2803,4030,0
2804,4032,0
2805,4033,0
2806,4034,0
2807,4038,1
2808,4039,0
2809,4041,0
2810,4042,0
2811,4043,0
2812,4044,1
2813,4045,0
2814,4046,0
2815,4047,0
2816,4049,1
2817,4050,1
2818,4051,1
2819,4052,1
2820,4054,1
2821,4055,0
2822,4057,1
2823,4058,0
2824,4060,1
2825,4061,0
2826,4062,1
2827,4063,1
2828,4064,1
2829,4065,0
2830,4068,1
2831,4072,1
2832,4076,1
2833,4077,1
2834,4078,0
2835,4079,1
2836,4080,0
2837,4081,1
2838,4083,0
2839,4084,1
2840,4085,0
2841,4086,1
2842,4087,1
2843,4088,1
2844,4089,1
2845,4091,1
2846,4092,0
2847,4093,1
2848,4094,1
2849,4095,0
2850,4096,1
2851,4097,0
2852,4098,1
2853,4100,1
2854,4101,1
2855,4103,1
2856,4104,1
2857,4105,1
2858,4107,1
2859,4108,1
2860,4111,1
2861,4112,0
2862,4113,1
2863,4114,1
2864,4116,1
2865,4117,0
2866,4119,0
2867,4121,1
2868,4122,1
2869,4123,1
2870,4124,1
2871,4127,0
2872,4128,1
2873,4129,1
2874,4131,0
2875,4132,1
2876,4133,1
2877,4135,0
2878,4138,1
2879,4139,1
2880,4140,1
2881,4141,0
2882,4142,1
2883,4143,1
2884,4145,1
2885,4146,0
2886,4147,0
2887,4149,0
2888,4150,1
2889,4152,0
2890,4153,0
2891,4154,0
2892,4156,0
2893,4157,0
2894,4158,0
2895,4159,0
2896,4160,0
2897,4161,0
2898,4163,0
2899,4164,0
2900,4166,0
2901,4167,0
2902,4168,0
2903,4170,0
2904,4171,0
2905,4172,0
2906,4173,0
2907,4175,0
2908,4176,0
2909,4177,0
2910,4178,0
2911,4180,0
2912,4181,0
2913,4182,0
2914,4183,0
2915,4184,1
2916,4189,0
2917,4191,0
2918,4197,0
2919,4198,0
2920,4199,0
2921,4200,1
2922,4201,1
2923,4202,1
2924,4203,0
2925,4204,0
2926,4205,0
2927,4206,0
2928,4209,0
2929,4210,0
2930,4211,1
2931,4212,1
2932,4213,0
2933,4214,0
2934,4216,0
2935,4218,1
2936,4219,0
2937,4220,1
2938,4221,0
2939,4224,0
2940,4225,1
2941,4227,1
2942,4230,0
2943,4232,0
2944,4233,0
2945,4235,1
2946,4237,1
2947,4238,1
2948,4239,0
2949,4240,0
2950,4241,1
2951,4242,0
2952,4243,1
2953,4244,0
2954,4245,0
2955,4246,0
2956,4247,0
2957,4248,0
2958,4250,0
2959,4251,0
2960,4252,1
2961,4253,0
2962,4255,1
2963,4256,0
2964,4257,0
2965,4260,1
2966,4261,0
2967,4262,0
2968,4264,1
2969,4265,0
2970,4266,1
2971,4268,0
2972,4269,0
2973,4270,0
2974,4271,1
2975,4272,1
2976,4273,1
2977,4274,1
2978,4275,0
2979,4276,0
2980,4279,0
2981,4281,0
2982,4282,0
2983,4284,0
2984,4288,0
2985,4289,0
2986,4292,1
2987,4293,0
2988,4295,0
2989,4296,0
2990,4297,0
2991,4298,1
2992,4299,1
2993,4300,1
2994,4301,1
2995,4303,1
2996,4304,1
2997,4305,1
2998,4306,1
2999,4307,1
3000,4309,1
3001,4312,0
3002,4313,0
3003,4314,1
3004,4317,1
3005,4318,1
3006,4320,1
3007,4321,1
3008,4322,1
3009,4323,0
3010,4324,1
3011,4325,0
3012,4326,0
3013,4327,0
3014,4328,1
3015,4329,1
3016,4330,0
3017,4332,0
3018,4333,1
3019,4334,0
3020,4335,1
3021,4336,0
3022,4337,0
3023,4341,1
3024,4342,1
3025,4343,1
3026,4345,0
3027,4348,1
3028,4349,1
3029,4350,1
3030,4351,1
3031,4352,0
3032,4353,1
3033,4354,1
3034,4355,0
3035,4356,1
3036,4357,1
3037,4358,1
3038,4359,1
3039,4361,1
3040,4362,1
3041,4363,1
3042,4365,1
3043,4366,0
3044,4368,0
3045,4372,0
3046,4373,1
3047,4374,1
3048,4375,1
3049,4376,1
3050,4377,1
3051,4378,1
3052,4379,0
3053,4381,1
3054,4382,1
3055,4383,0
3056,4384,0
3057,4385,1
3058,4387,1
3059,4388,1
3060,4391,1
3061,4392,1
3062,4393,1
3063,4395,1
3064,4396,1
3065,4397,1
3066,4398,0
3067,4401,0
3068,4402,0
3069,4403,0
3070,4405,0
3071,4406,0
3072,4407,0
3073,4408,0
3074,4410,0
3075,4411,0
3076,4412,0
3077,4413,0
3078,4415,0
3079,4416,0
3080,4421,0
3081,4423,0
3082,4424,0
3083,4425,0
3084,4426,0
3085,4427,0
3086,4428,0
3087,4430,0
3088,4432,0
3089,4435,0
3090,4436,0
3091,4437,0
3092,4438,0
3093,4440,0
3094,4441,1
3095,4442,0
3096,4444,0
3097,4445,0
3098,4448,0
3099,4449,1
3100,4450,0
3101,4451,0
3102,4452,0
3103,4454,0
3104,4455,0
3105,4456,0
3106,4457,0
3107,4458,0
3108,4459,1
3109,4463,0
3110,4464,1
3111,4465,0
3112,4466,1
3113,4468,0
3114,4470,0
3115,4471,0
3116,4472,1
3117,4476,0
3118,4478,0
3119,4479,0
3120,4480,0
3121,4482,0
3122,4486,0
3123,4487,0
3124,4488,1
3125,4489,0
3126,4490,1
3127,4491,1
3128,4492,0
3129,4493,0
3130,4494,0
3131,4496,0
3132,4498,0
3133,4499,1
3134,4503,0
3135,4504,0
3136,4507,1
3137,4508,0
3138,4509,0
3139,4511,0
3140,4514,1
3141,4515,0
3142,4516,0
3143,4517,1
3144,4518,0
3145,4519,0
3146,4520,0
3147,4521,0
3148,4522,1
3149,4523,0
3150,4524,0
3151,4525,0
3152,4526,1
3153,4527,0
3154,4528,0
3155,4529,0
3156,4530,1
3157,4531,0
3158,4533,1
3159,4534,0
3160,4537,1
3161,4538,0
3162,4539,1
3163,4541,0
3164,4542,1
3165,4543,1
3166,4544,0
3167,4546,0
3168,4547,1
3169,4548,0
3170,4549,1
3171,4550,1
3172,4551,1
3173,4553,1
3174,4556,0
3175,4557,0
3176,4561,0
3177,4562,1
3178,4563,1
3179,4564,0
3180,4565,0
3181,4567,0
3182,4568,1
3183,4569,1
3184,4571,1
3185,4573,0
3186,4575,0
3187,4576,1
3188,4577,0
3189,4578,0
3190,4579,1
3191,4580,0
3192,4582,1
3193,4584,0
3194,4585,0
3195,4587,1
3196,4588,1
3197,4589,0
3198,4590,1
3199,4592,1
3200,4593,1
3201,4595,1
3202,4596,0
3203,4597,1
3204,4598,0
3205,4599,1
3206,4600,0
3207,4601,0
3208,4602,1
3209,4604,1
3210,4606,1
3211,4607,0
3212,4608,1
3213,4609,0
3214,4610,0
3215,4611,0
3216,4614,0
3217,4616,0
3218,4617,0
3219,4619,0
3220,4620,1
3221,4622,0
3222,4624,1
3223,4625,0
3224,4627,0
3225,4628,0
3226,4630,0
3227,4631,0
3228,4632,0
3229,4634,0
3230,4635,0
3231,4637,0
3232,4639,0
3233,4641,1
3234,4642,0
3235,4644,0
3236,4646,0
3237,4649,1
3238,4650,1
3239,4655,1
3240,4656,0
3241,4657,1
3242,4658,1
3243,4659,0
3244,4661,1
3245,4664,0
3246,4666,1
3247,4667,1
3248,4669,0
3249,4670,0
3250,4671,1
3251,4672,0
3252,4673,0
3253,4674,0
3254,4675,0
3255,4677,0
3256,4678,0
3257,4679,0
3258,4680,0
3259,4681,0
3260,4682,1
3261,4684,0
3262,4687,0
3263,4688,0
3264,4689,1
3265,4690,0
3266,4691,0
3267,4692,1
3268,4693,1
3269,4694,1
3270,4695,0
3271,4696,1
3272,4697,0
3273,4698,0
3274,4699,0
3275,4700,0
3276,4702,0
3277,4703,0
3278,4704,0
3279,4705,0
3280,4706,1
3281,4707,0
3282,4708,0
3283,4709,0
3284,4710,0
3285,4711,1
3286,4712,1
3287,4713,1
3288,4714,1
3289,4715,0
3290,4716,1
3291,4717,1
3292,4719,1
3293,4720,1
3294,4722,0
3295,4723,1
3296,4724,0
3297,4725,1
3298,4726,0
3299,4729,0
3300,4730,0
3301,4731,1
3302,4732,1
3303,4734,0
3304,4735,1
3305,4736,1
3306,4737,0
3307,4738,0
3308,4739,1
3309,4740,1
3310,4742,1
3311,4744,0
3312,4745,1
3313,4747,0
3314,4748,0
3315,4749,1
3316,4750,1
3317,4752,0
3318,4753,1
3319,4754,0
3320,4755,1
3321,4757,1
3322,4758,1
3323,4759,0
3324,4760,0
3325,4762,1
3326,4765,1
3327,4766,1
3328,4768,1
3329,4769,1
3330,4770,1
3331,4771,1
3332,4773,1
3333,4774,1
3334,4775,1
3335,4777,1
3336,4778,1
3337,4779,1
3338,4782,0
3339,4783,1
3340,4784,1
3341,4785,1
3342,4786,1
3343,4787,1
3344,4788,1
3345,4789,0
3346,4790,1
3347,4791,1
3348,4793,1
3349,4794,1
3350,4795,1
3351,4797,0
3352,4798,0
3353,4799,1
3354,4800,1
3355,4802,1
3356,4803,1
3357,4807,1
3358,4808,0
3359,4809,1
3360,4810,1
3361,4812,1
3362,4813,1
3363,4814,0
3364,4819,1
3365,4820,1
3366,4821,1
3367,4823,1
3368,4825,1
3369,4826,1
3370,4828,1
3371,4829,1
3372,4830,1
3373,4831,1
3374,4832,1
3375,4833,1
3376,4834,1
3377,4835,0
3378,4836,1
3379,4840,1
3380,4842,1
3381,4843,1
3382,4844,0
3383,4845,0
3384,4846,1
3385,4847,0
3386,4848,1
3387,4849,1
3388,4850,1
3389,4852,1
3390,4853,1
3391,4854,1
3392,4856,0
3393,4857,0
3394,4858,0
3395,4859,1
3396,4860,1
3397,4864,0
3398,4866,0
3399,4867,0
3400,4868,0
3401,4869,0
3402,4870,0
3403,4872,0
3404,4874,0
3405,4875,0
3406,4876,0
3407,4877,0
3408,4878,0
3409,4879,1
3410,4881,0
3411,4882,0
3412,4883,0
3413,4884,0
3414,4887,0
3415,4888,0
3416,4889,0
3417,4890,0
3418,4891,0
3419,4892,0
3420,4893,0
3421,4894,0
3422,4895,1
3423,4896,0
3424,4897,0
3425,4898,0
3426,4899,0
3427,4900,0
3428,4901,0
3429,4903,0
3430,4905,0
3431,4906,0
3432,4908,0
3433,4909,0
3434,4910,0
3435,4911,0
3436,4912,0
3437,4913,1
3438,4914,0
3439,4915,1
3440,4917,0
3441,4918,0
3442,4919,1
3443,4920,0
3444,4922,0
3445,4923,0
3446,4924,1
3447,4926,0
3448,4929,0
3449,4931,0
3450,4934,0
3451,4935,0
3452,4936,0
3453,4938,0
3454,4940,0
3455,4943,0
3456,4944,0
3457,4945,1
3458,4946,0
3459,4948,0
3460,4951,0
3461,4952,0
3462,4953,1
3463,4954,0
3464,4955,0
3465,4957,1
3466,4958,0
3467,4959,0
3468,4961,0
3469,4962,1
3470,4964,1
3471,4966,1
3472,4967,1
3473,4968,1
3474,4969,1
3475,4970,1
3476,4971,0
3477,4972,1
3478,4973,1
3479,4974,1
3480,4975,1
3481,4978,1
3482,4979,0
3483,4980,0
3484,4981,0
3485,4982,1
3486,4983,1
3487,4984,0
3488,4985,1
3489,4986,0
3490,4988,1
3491,4989,0
3492,4990,0
3493,4992,0
3494,4993,0
3495,4995,0
3496,4996,1
3497,4997,1
3498,4998,1
3499,5000,0
3500,5001,0
3501,5002,0
3502,5004,1
3503,5005,1
3504,5007,0
3505,5008,0
3506,5010,0
3507,5013,0
3508,5015,0
3509,5016,0
3510,5017,0
3511,5018,1
3512,5019,1
3513,5022,0
3514,5024,1
3515,5025,1
3516,5027,0
3517,5028,0
3518,5029,0
3519,5032,1
3520,5033,0
3521,5034,1
3522,5035,1
3523,5037,1
3524,5038,0
3525,5039,1
3526,5040,1
3527,5041,0
3528,5043,0
3529,5044,0
3530,5046,1
3531,5047,0
3532,5049,0
3533,5050,0
3534,5052,0
3535,5055,0
3536,5056,0
3537,5059,0
3538,5060,0
3539,5061,1
3540,5062,0
3541,5063,1
3542,5064,1
3543,5065,0
3544,5067,0
3545,5068,0
3546,5069,0
3547,5071,1
3548,5072,0
3549,5073,1
3550,5074,1
3551,5075,1
3552,5076,1
3553,5078,0
3554,5079,1
3555,5080,0
3556,5082,1
3557,5083,1
3558,5085,1
3559,5087,1
3560,5088,0
3561,5089,1
3562,5092,1
3563,5094,1
3564,5095,1
3565,5096,1
3566,5097,0
3567,5098,0
3568,5099,1
3569,5101,1
3570,5102,1
3571,5103,0
3572,5104,1
3573,5105,0
3574,5106,1
3575,5107,1
3576,5109,0
3577,5110,1
3578,5113,1
3579,5114,0
3580,5115,1
3581,5116,0
3582,5117,1
3583,5119,1
3584,5120,0
3585,5122,1
3586,5124,0
3587,5125,1
3588,5126,0
3589,5127,1
3590,5128,0
3591,5130,1
3592,5131,1
3593,5132,1
3594,5134,1
3595,5135,1
3596,5136,1
3597,5137,1
3598,5138,1
3599,5139,0
3600,5140,1
3601,5141,0
3602,5142,1
3603,5144,1
3604,5145,1
3605,5146,0
3606,5148,1
3607,5149,0
3608,5150,0
3609,5152,1
3610,5153,1
3611,5154,1
3612,5155,1
3613,5157,1
3614,5159,1
3615,5160,1
3616,5162,1
3617,5164,1
3618,5165,0
3619,5166,0
3620,5168,1
3621,5169,1
3622,5170,0
3623,5171,1
3624,5172,1
3625,5174,0
3626,5175,1
3627,5176,0
3628,5177,1
3629,5178,0
3630,5179,0
3631,5180,0
3632,5181,1
3633,5182,0
3634,5183,0
3635,5184,0
3636,5185,0
3637,5186,1
3638,5187,0
3639,5188,0
3640,5189,1
3641,5190,1
3642,5191,1
3643,5192,0
3644,5193,1
3645,5194,0
3646,5195,0
3647,5196,1
3648,5197,0
3649,5198,0
3650,5199,0
3651,5200,1
3652,5201,1
3653,5202,1
3654,5203,1
3655,5204,0
3656,5206,0
3657,5207,1
3658,5208,1
3659,5209,1
3660,5210,1
3661,5211,0
3662,5212,0
3663,5213,1
3664,5218,0
3665,5219,0
3666,5220,0
3667,5221,0
3668,5222,1
3669,5223,1
3670,5224,0
3671,5226,1
3672,5227,0
3673,5228,1
3674,5229,0
3675,5230,0
3676,5231,0
3677,5232,0
3678,5233,0
3679,5234,1
3680,5235,0
3681,5236,0
3682,5238,0
3683,5242,0
3684,5243,0
3685,5244,0
3686,5245,0
3687,5247,1
3688,5248,0
3689,5249,0
3690,5251,0
3691,5252,1
3692,5254,0
3693,5255,0
3694,5256,0
3695,5257,1
3696,5259,0
3697,5260,0
3698,5262,0
3699,5263,0
3700,5264,0
3701,5265,0
3702,5266,0
3703,5267,0
3704,5269,0
3705,5270,0
3706,5271,0
3707,5272,0
3708,5273,0
3709,5274,0
3710,5276,0
3711,5278,1
3712,5280,0
3713,5281,0
3714,5282,1
3715,5283,0
3716,5284,0
3717,5285,0
3718,5286,0
3719,5287,0
3720,5290,0
3721,5291,0
3722,5292,0
3723,5293,0
3724,5295,0
3725,5296,0
3726,5297,0
3727,5298,0
3728,5299,1
3729,5300,0
3730,5301,0
3731,5302,0
3732,5304,0
3733,5305,0
3734,5306,0
3735,5308,0
3736,5309,0
3737,5310,0
3738,5313,0
3739,5315,0
3740,5316,1
3741,5317,0
3742,5319,1
3743,5320,0
3744,5321,0
3745,5322,0
3746,5323,0
3747,5324,1
3748,5325,0
3749,5326,0
3750,5328,1
3751,5330,0
3752,5331,0
3753,5332,0
3754,5335,0
3755,5336,0
3756,5337,0
3757,5338,0
3758,5339,0
3759,5341,0
3760,5342,0
3761,5343,1
3762,5344,0
3763,5345,1
3764,5346,1
3765,5347,0
3766,5349,0
3767,5350,0
3768,5351,0
3769,5352,1
3770,5353,1
3771,5354,0
3772,5355,0
3773,5356,0
3774,5357,1
3775,5359,0
3776,5362,1
3777,5365,0
3778,5366,0
3779,5367,1
3780,5368,1
3781,5371,1
3782,5372,1
3783,5373,1
3784,5375,0
3785,5377,1
3786,5378,0
3787,5379,1
3788,5380,1
3789,5381,1
3790,5382,1
3791,5383,1
3792,5384,0
3793,5385,0
3794,5386,1
3795,5387,1
3796,5389,1
3797,5391,0
3798,5392,0
3799,5396,1
3800,5397,1
3801,5400,1
3802,5403,1
3803,5404,0
3804,5406,0
3805,5407,0
3806,5408,0
3807,5409,1
3808,5410,1
3809,5411,0
3810,5412,1
3811,5413,0
3812,5416,0
3813,5417,0
3814,5418,0
3815,5420,1
3816,5423,0
3817,5425,1
3818,5426,0
3819,5428,1
3820,5430,1
3821,5432,0
3822,5437,0
3823,5439,0
3824,5442,0
3825,5443,0
3826,5444,1
3827,5445,1
3828,5446,0
3829,5448,0
3830,5449,0
3831,5450,1
3832,5452,0
3833,5454,0
3834,5455,1
3835,5458,1
3836,5459,1
3837,5460,0
3838,5461,1
3839,5462,0
3840,5465,0
3841,5466,0
3842,5467,0
3843,5468,0
3844,5469,0
3845,5471,0
3846,5473,0
3847,5475,0
3848,5476,0
3849,5477,0
3850,5479,1
3851,5480,0
3852,5481,0
3853,5482,1
3854,5484,1
3855,5485,0
3856,5486,1
3857,5487,0
3858,5488,0
3859,5489,0
3860,5491,1
3861,5492,0
3862,5493,0
3863,5494,1
3864,5495,0
3865,5496,0
3866,5497,1
3867,5498,0
3868,5499,0
3869,5501,0
3870,5502,1
3871,5503,1
3872,5505,1
3873,5506,0
3874,5507,0
3875,5509,0
3876,5510,0
3877,5514,0
3878,5515,0
3879,5517,0
3880,5518,0
3881,5519,0
3882,5520,0
3883,5521,0
3884,5522,1
3885,5524,1
3886,5525,0
3887,5526,0
3888,5528,1
3889,5529,0
3890,5531,0
3891,5532,1
3892,5534,0
3893,5535,0
3894,5538,0
3895,5539,0
3896,5540,0
3897,5541,0
3898,5544,0
3899,5545,0
3900,5547,0
3901,5548,0
3902,5552,0
3903,5553,0
3904,5554,0
3905,5555,0
3906,5556,0
3907,5557,0
3908,5558,0
3909,5559,0
3910,5560,0
3911,5561,0
3912,5563,1
3913,5564,0
3914,5565,0
3915,5567,1
3916,5569,1
3917,5570,0
3918,5573,0
3919,5575,0
3920,5576,0
3921,5577,0
3922,5578,0
3923,5579,0
3924,5580,0
3925,5581,0
3926,5582,0
3927,5584,0
3928,5586,1
3929,5587,0
3930,5588,0
3931,5589,1
3932,5590,1
3933,5592,0
3934,5593,1
3935,5594,0
3936,5595,0
3937,5598,0
3938,5599,0
3939,5600,1
3940,5602,0
3941,5603,0
3942,5604,1
3943,5605,1
3944,5608,1
3945,5609,0
3946,5611,1
3947,5612,1
3948,5613,1
3949,5614,0
3950,5617,1
3951,5618,1
3952,5619,0
3953,5620,1
3954,5621,0
3955,5622,1
3956,5624,1
3957,5625,0
3958,5626,1
3959,5627,0
3960,5628,1
3961,5629,0
3962,5631,0
3963,5632,1
3964,5633,1
3965,5634,0
3966,5635,1
3967,5638,1
3968,5641,1
3969,5642,0
3970,5644,0
3971,5645,1
3972,5646,1
3973,5647,0
3974,5650,1
3975,5651,0
3976,5652,1
3977,5653,1
3978,5654,0
3979,5655,0
3980,5656,1
3981,5657,1
3982,5658,1
3983,5659,0
3984,5661,1
3985,5662,0
3986,5663,1
3987,5664,1
3988,5665,0
3989,5668,1
3990,5669,1
3991,5670,0
3992,5671,1
3993,5672,1
3994,5673,0
3995,5674,0
3996,5675,1
3997,5676,1
3998,5677,1
3999,5680,1
4000,5683,1
4001,5684,1
4002,5685,1
4003,5686,1
4004,5687,1
4005,5688,1
4006,5689,1
4007,5690,1
4008,5692,1
4009,5693,1
4010,5694,1
4011,5695,1
4012,5698,0
4013,5699,0
4014,5703,1
4015,5704,1
4016,5705,1
4017,5706,1
4018,5707,0
4019,5710,0
4020,5711,1
4021,5712,1
4022,5713,1
4023,5714,1
4024,5715,1
4025,5716,1
4026,5717,1
4027,5719,1
4028,5720,1
4029,5721,1
4030,5722,1
4031,5724,1
4032,5726,1
4033,5727,0
4034,5729,1
4035,5730,1
4036,5732,1
4037,5733,0
4038,5734,1
4039,5736,1
4040,5739,1
4041,5740,0
4042,5741,1
4043,5743,1
4044,5744,1
4045,5745,1
4046,5746,1
4047,5748,0
4048,5751,1
4049,5752,1
4050,5753,1
4051,5754,1
4052,5757,1
4053,5758,0
4054,5759,1
4055,5760,0
4056,5763,1
4057,5764,1
4058,5765,1
4059,5766,1
4060,5769,1
4061,5771,0
4062,5772,1
4063,5775,1
4064,5776,1
4065,5777,1
4066,5778,1
4067,5780,1
4068,5781,1
4069,5783,1
4070,5784,1
4071,5789,1
4072,5790,0
4073,5791,0
4074,5792,0
4075,5793,1
4076,5794,0
4077,5795,1
4078,5797,1
4079,5798,0
4080,5799,0
4081,5800,1
4082,5801,0
4083,5803,1
4084,5804,0
4085,5805,0
4086,5807,0
4087,5808,0
4088,5812,1
4089,5814,0
4090,5815,1
4091,5816,0
4092,5817,0
4093,5818,1
4094,5819,1
4095,5821,0
4096,5822,0
4097,5824,1
4098,5825,1
4099,5826,1
4100,5827,0
4101,5828,0
4102,5829,1
4103,5832,0
4104,5833,1
4105,5834,1
4106,5835,1
4107,5836,0
4108,5837,0
4109,5840,1
4110,5841,1
4111,5842,0
4112,5843,0
4113,5845,0
4114,5847,1
4115,5848,1
4116,5849,1
4117,5850,1
4118,5853,0
4119,5854,1
4120,5855,1
4121,5856,0
4122,5858,1
4123,5861,1
4124,5863,1
4125,5864,1
4126,5867,0
4127,5868,1
4128,5869,0
4129,5870,1
4130,5873,1
4131,5874,1
4132,5875,0
4133,5876,1
4134,5881,1
4135,5882,1
4136,5883,1
4137,5884,1
4138,5885,0
4139,5886,0
4140,5887,0
4141,5888,0
4142,5889,0
4143,5890,0
4144,5891,1
4145,5892,0
4146,5893,0
4147,5894,0
4148,5896,0
4149,5898,0
4150,5899,0
4151,5900,0
4152,5901,0
4153,5902,0
4154,5903,0
4155,5904,0
4156,5905,0
4157,5906,0
4158,5907,0
4159,5908,0
4160,5909,0
4161,5911,0
4162,5912,0
4163,5913,0
4164,5916,0
4165,5918,0
4166,5919,0
4167,5920,0
4168,5921,0
4169,5922,0
4170,5923,0
4171,5925,1
4172,5927,0
4173,5928,0
4174,5929,0
4175,5930,0
4176,5932,0
4177,5933,0
4178,5934,0
4179,5935,0
4180,5937,0
4181,5938,0
4182,5939,1
4183,5942,0
4184,5943,0
4185,5944,0
4186,5947,0
4187,5949,0
4188,5950,1
4189,5952,0
4190,5953,0
4191,5954,0
4192,5955,1
4193,5956,0
4194,5957,0
4195,5958,0
4196,5959,1
4197,5960,0
4198,5961,0
4199,5962,0
4200,5963,0
4201,5964,0
4202,5965,0
4203,5966,0
4204,5972,0
4205,5974,0
4206,5975,1
4207,5978,0
4208,5979,1
4209,5980,0
4210,5981,0
4211,5982,0
4212,5983,1
4213,5985,0
4214,5987,1
4215,5988,1
4216,5989,1
4217,5990,0
4218,5991,0
4219,5992,1
4220,5995,0
4221,5996,1
4222,5997,0
4223,5998,1
4224,5999,1
4225,6000,0
4226,6001,0
4227,6002,1
4228,6003,1
4229,6004,0
4230,6007,1
4231,6009,0
4232,6012,0
4233,6013,0
4234,6015,1
4235,6017,0
4236,6019,1
4237,6020,1
4238,6022,0
4239,6023,1
4240,6024,1
4241,6026,1
4242,6027,1
4243,6030,1
4244,6031,1
4245,6032,1
4246,6033,1
4247,6034,1
4248,6036,1
4249,6037,0
4250,6038,1
4251,6039,0
4252,6041,1
4253,6043,1
4254,6045,0
4255,6047,1
4256,6048,1
4257,6049,1
4258,6050,1
4259,6051,1
4260,6053,1
4261,6055,1
4262,6056,0
4263,6057,1
4264,6058,1
4265,6059,1
4266,6060,1
4267,6061,1
4268,6064,1
4269,6065,1
4270,6066,1
4271,6069,1
4272,6070,1
4273,6071,0
4274,6072,1
4275,6073,1
4276,6074,0
4277,6075,1
4278,6076,0
4279,6078,1
4280,6083,0
4281,6084,1
4282,6085,0
4283,6086,0
4284,6087,0
4285,6088,0
4286,6090,0
4287,6091,0
4288,6092,0
4289,6093,0
4290,6094,0
4291,6096,0
4292,6097,0
4293,6098,0
4294,6099,0
4295,6100,0
4296,6102,0
4297,6103,0
4298,6104,0
4299,6105,0
4300,6106,0
4301,6108,0
4302,6109,0
4303,6110,0
4304,6111,0
4305,6112,0
4306,6113,0
4307,6115,0
4308,6116,0
4309,6118,0
4310,6119,0
4311,6120,1
4312,6123,0
4313,6125,0
4314,6126,1
4315,6127,0
4316,6128,0
4317,6130,0
4318,6132,0
4319,6133,0
4320,6134,0
4321,6135,1
4322,6137,0
4323,6138,0
4324,6140,1
4325,6141,0
4326,6145,0
4327,6146,0
4328,6147,1
4329,6148,1
4330,6150,1
4331,6151,1
4332,6152,1
4333,6153,0
4334,6154,1
4335,6156,1
4336,6159,0
4337,6160,0
4338,6162,0
4339,6163,0
4340,6164,1
4341,6165,1
4342,6166,0
4343,6167,0
4344,6169,0
4345,6170,1
4346,6171,1
4347,6173,0
4348,6174,0
4349,6175,0
4350,6178,1
4351,6181,1
4352,6183,0
4353,6184,0
4354,6185,1
4355,6187,1
4356,6188,1
4357,6191,0
4358,6192,0
4359,6193,0
4360,6195,1
4361,6196,1
4362,6197,1
4363,6198,1
4364,6199,0
4365,6200,0
4366,6201,1
4367,6202,0
4368,6203,0
4369,6206,0
4370,6207,0
4371,6208,1
4372,6211,0
4373,6213,1
4374,6215,1
4375,6216,1
4376,6217,1
4377,6218,1
4378,6219,1
4379,6220,0
4380,6222,1
4381,6223,0
4382,6224,0
4383,6226,0
4384,6227,0
4385,6230,1
4386,6232,0
4387,6233,0
4388,6234,1
4389,6240,1
4390,6241,0
4391,6243,0
4392,6244,0
4393,6245,0
4394,6246,0
4395,6247,1
4396,6248,0
4397,6253,0
4398,6254,1
4399,6255,0
4400,6256,0
4401,6257,0
4402,6258,1
4403,6259,0
4404,6261,0
4405,6262,0
4406,6263,0
4407,6265,0
4408,6267,0
4409,6268,1
4410,6269,1
4411,6271,1
4412,6272,0
4413,6273,0
4414,6274,0
4415,6276,0
4416,6277,1
4417,6278,1
4418,6281,1
4419,6282,0
4420,6283,0
4421,6292,0
4422,6293,0
4423,6294,0
4424,6296,0
4425,6297,1
4426,6299,1
4427,6300,0
4428,6301,0
4429,6302,0
4430,6303,1
4431,6304,0
4432,6305,0
4433,6306,0
4434,6310,1
4435,6311,1
4436,6312,0
4437,6314,1
4438,6315,1
4439,6317,1
4440,6318,0
4441,6320,0
4442,6322,1
4443,6323,0
4444,6325,1
4445,6326,1
4446,6328,1
4447,6329,1
4448,6330,0
4449,6331,0
4450,6332,0
4451,6334,0
4452,6335,1
4453,6336,1
4454,6337,1
4455,6338,1
4456,6339,1
4457,6340,1
4458,6341,0
4459,6342,1
4460,6343,0
4461,6344,1
4462,6345,1
4463,6346,0
4464,6347,0
4465,6348,1
4466,6349,0
4467,6350,0
4468,6354,1
4469,6355,0
4470,6356,1
4471,6358,1
4472,6361,0
4473,6362,1
4474,6363,0
4475,6365,1
4476,6366,1
4477,6369,1
4478,6370,0
4479,6371,0
4480,6372,1
4481,6373,1
4482,6374,1
4483,6375,1
4484,6376,1
4485,6380,1
4486,6382,1
4487,6383,1
4488,6384,0
4489,6385,0
4490,6386,1
4491,6387,0
4492,6388,1
4493,6389,0
4494,6391,1
4495,6392,0
4496,6393,0
4497,6394,1
4498,6395,0
4499,6396,1
4500,6397,1
4501,6398,0
4502,6399,0
4503,6400,1
4504,6402,1
4505,6403,0
4506,6404,0
4507,6405,1
4508,6406,1
4509,6407,1
4510,6410,0
4511,6412,0
4512,6413,0
4513,6414,0
4514,6415,1
4515,6416,1
4516,6417,1
4517,6418,1
4518,6420,1
4519,6421,1
4520,6422,0
4521,6423,0
4522,6425,1
4523,6427,1
4524,6429,0
4525,6430,0
4526,6434,1
4527,6436,1
4528,6438,1
4529,6440,1
4530,6441,0
4531,6443,1
4532,6445,1
4533,6446,1
4534,6448,1
4535,6449,0
4536,6450,1
4537,6451,0
4538,6452,0
4539,6453,1
4540,6454,1
4541,6455,1
4542,6458,1
4543,6459,0
4544,6461,1
4545,6462,0
4546,6463,0
4547,6464,1
4548,6465,0
4549,6466,1
4550,6467,1
4551,6469,1
4552,6470,1
4553,6472,1
4554,6473,1
4555,6474,0
4556,6477,1
4557,6478,0
4558,6480,1
4559,6481,1
4560,6482,0
4561,6484,1
4562,6485,0
4563,6486,0
4564,6490,0
4565,6491,0
4566,6492,0
4567,6493,0
4568,6494,0
4569,6495,0
4570,6497,0
4571,6499,0
4572,6500,0
4573,6501,1
4574,6504,0
4575,6505,0
4576,6506,1
4577,6510,1
4578,6511,0
4579,6512,0
4580,6513,0
4581,6514,0
4582,6515,0
4583,6516,0
4584,6518,0
4585,6519,0
4586,6520,0
4587,6523,0
4588,6525,0
4589,6527,0
4590,6528,0
4591,6529,0
4592,6530,0
4593,6532,0
4594,6534,1
4595,6535,0
4596,6536,0
4597,6537,1
4598,6540,0
4599,6541,1
4600,6542,0
4601,6543,1
4602,6545,0
4603,6546,0
4604,6547,1
4605,6548,1
4606,6549,0
4607,6550,0
4608,6551,0
4609,6552,0
4610,6553,0
4611,6554,1
4612,6555,1
4613,6556,0
4614,6559,0
4615,6560,0
4616,6561,0
4617,6565,0
4618,6566,1
4619,6567,0
4620,6568,0
4621,6569,0
4622,6570,1
4623,6571,1
4624,6572,0
4625,6573,0
4626,6575,0
4627,6576,0
4628,6577,0
4629,6579,0
4630,6580,0
4631,6582,1
4632,6583,0
4633,6585,0
4634,6586,0
4635,6588,0
4636,6591,0
4637,6593,1
4638,6594,0
4639,6596,0
4640,6597,0
4641,6598,0
4642,6601,0
4643,6602,0
4644,6603,0
4645,6604,0
4646,6605,0
4647,6607,0
4648,6608,0
4649,6610,0
4650,6611,0
4651,6613,0
4652,6614,1
4653,6616,0
4654,6617,0
4655,6619,0
4656,6621,1
4657,6622,0
4658,6624,0
4659,6625,0
4660,6626,0
4661,6627,1
4662,6628,0
4663,6629,0
4664,6630,0
4665,6631,1
4666,6632,0
4667,6634,0
4668,6635,0
4669,6636,0
4670,6637,0
4671,6638,1
4672,6642,1
4673,6643,0
4674,6644,0
4675,6646,0
4676,6647,0
4677,6648,0
4678,6649,1
4679,6653,1
4680,6654,1
4681,6655,0
4682,6656,0
4683,6658,0
4684,6660,0
4685,6661,0
4686,6662,0
4687,6663,1
4688,6664,0
4689,6665,0
4690,6667,0
4691,6668,1
4692,6669,1
4693,6670,0
4694,6672,0
4695,6675,1
4696,6676,0
4697,6678,0
4698,6679,1
4699,6681,1
4700,6682,1
4701,6683,1
4702,6686,1
4703,6687,0
4704,6688,0
4705,6689,0
4706,6690,0
4707,6693,0
4708,6694,0
4709,6695,1
4710,6697,0
4711,6699,0
4712,6700,0
4713,6701,1
4714,6702,1
4715,6703,0
4716,6706,0
4717,6707,0
4718,6708,0
4719,6709,0
4720,6711,0
4721,6712,0
4722,6714,0
4723,6716,0
4724,6719,0
4725,6721,0
4726,6722,0
4727,6723,0
4728,6724,0
4729,6725,0
4730,6726,0
4731,6727,0
4732,6729,1
4733,6730,0
4734,6731,1
4735,6734,0
4736,6735,0
4737,6736,0
4738,6737,0
4739,6738,0
4740,6742,0
4741,6744,0
4742,6745,0
4743,6746,0
4744,6748,0
4745,6749,1
4746,6751,0
4747,6754,0
4748,6756,1
4749,6757,1
4750,6758,1
4751,6759,0
4752,6760,1
4753,6762,1
4754,6764,1
4755,6765,0
4756,6766,1
4757,6767,0
4758,6769,0
4759,6772,1
4760,6773,1
4761,6774,1
4762,6775,0
4763,6776,1
4764,6779,0
4765,6781,0
4766,6783,0
4767,6784,0
4768,6785,0
4769,6787,0
4770,6788,0
4771,6789,1
4772,6790,1
4773,6792,0
4774,6793,1
4775,6794,0
4776,6795,1
4777,6796,0
4778,6799,0
4779,6800,0
4780,6801,0
4781,6802,0
4782,6804,0
4783,6806,1
4784,6807,0
4785,6808,0
4786,6809,0
4787,6810,0
4788,6811,0
4789,6813,1
4790,6814,1
4791,6815,0
4792,6817,0
4793,6819,0
4794,6820,0
4795,6821,0
4796,6823,0
4797,6824,0
4798,6828,1
4799,6830,0
4800,6832,0
4801,6833,0
4802,6834,0
4803,6835,0
4804,6837,1
4805,6839,0
4806,6841,0
4807,6843,0
4808,6844,0
4809,6845,0
4810,6847,0
4811,6848,0
4812,6849,1
4813,6850,1
4814,6852,1
4815,6854,0
4816,6855,1
4817,6857,1
4818,6858,1
4819,6860,1
4820,6861,1
4821,6862,0
4822,6863,1
4823,6864,1
4824,6867,1
4825,6870,1
4826,6872,1
4827,6874,1
4828,6875,1
4829,6876,1
4830,6877,0
4831,6878,1
4832,6879,0
4833,6880,1
4834,6881,1
4835,6882,0
4836,6883,1
4837,6884,1
4838,6885,1
4839,6890,1
4840,6892,1
4841,6893,1
4842,6896,1
4843,6897,1
4844,6898,1
4845,6900,1
4846,6903,1
4847,6905,1
4848,6907,1
4849,6908,0
4850,6909,1
4851,6910,0
4852,6911,0
4853,6912,0
4854,6913,0
4855,6914,0
4856,6915,0
4857,6916,1
4858,6917,0
4859,6918,0
4860,6919,1
4861,6920,1
4862,6921,0
4863,6925,0
4864,6926,0
4865,6928,0
4866,6929,1
4867,6930,1
4868,6931,1
4869,6932,1
4870,6933,0
4871,6935,1
4872,6936,0
4873,6937,0
4874,6939,1
4875,6940,1
4876,6943,1
4877,6945,1
4878,6946,1
4879,6948,1
4880,6949,1
4881,6950,1
4882,6951,0
4883,6953,0
4884,6954,0
4885,6955,1
4886,6956,1
4887,6959,1
4888,6960,1
4889,6961,1
4890,6962,0
4891,6963,0
4892,6965,1
4893,6966,1
4894,6967,1
4895,6970,0
4896,6971,0
4897,6972,1
4898,6973,1
4899,6974,0
4900,6975,1
4901,6977,0
4902,6978,0
4903,6979,0
4904,6980,1
4905,6981,1
4906,6983,1
4907,6984,1
4908,6985,1
4909,6988,1
4910,6990,1
4911,6992,1
4912,6994,0
4913,6996,0
4914,6998,0
4915,6999,0
4916,7001,0
4917,7002,0
4918,7005,0
4919,7006,0
4920,7008,0
4921,7009,0
4922,7010,0
4923,7012,0
4924,7013,0
4925,7015,0
4926,7018,0
4927,7019,0
4928,7021,0
4929,7023,0
4930,7024,0
4931,7025,0
4932,7026,0
4933,7027,0
4934,7029,1
4935,7030,0
4936,7031,0
4937,7032,0
4938,7036,0
4939,7037,0
4940,7039,1
4941,7043,0
4942,7044,0
4943,7046,0
4944,7047,0
4945,7048,0
4946,7050,1
4947,7051,0
4948,7052,1
4949,7053,0
4950,7054,0
4951,7056,0
4952,7058,0
4953,7059,0
4954,7060,0
4955,7061,1
4956,7063,1
4957,7065,0
4958,7068,0
4959,7069,0
4960,7070,0
4961,7071,0
4962,7073,0
4963,7074,0
4964,7075,0
4965,7076,0
4966,7077,0
4967,7078,0
4968,7080,0
4969,7081,0
4970,7086,0
4971,7088,0
4972,7089,0
4973,7091,0
4974,7092,1
4975,7093,0
4976,7095,0
4977,7097,0
4978,7098,0
4979,7104,1
4980,7105,0
4981,7106,1
4982,7108,0
4983,7109,0
4984,7111,1
4985,7112,0
4986,7114,0
4987,7115,0
4988,7116,0
4989,7118,0
4990,7120,1
4991,7121,0
4992,7122,0
4993,7124,1
4994,7125,0
4995,7126,0
4996,7128,1
4997,7129,0
4998,7130,0
4999,7131,0
5000,7132,0
5001,7134,0
5002,7135,1
5003,7136,0
5004,7137,1
5005,7138,0
5006,7140,0
5007,7141,1
5008,7142,0
5009,7144,0
5010,7146,0
5011,7147,1
5012,7148,1
5013,7149,0
5014,7150,0
5015,7154,0
5016,7155,0
5017,7157,1
5018,7158,1
5019,7159,0
5020,7160,0
5021,7161,0
5022,7163,1
5023,7164,0
5024,7165,0
5025,7166,0
5026,7167,1
5027,7168,0
5028,7169,0
5029,7171,0
5030,7173,1
5031,7174,0
5032,7175,0
5033,7176,0
5034,7178,0
5035,7179,0
5036,7180,0
5037,7183,1
5038,7184,0
5039,7185,0
5040,7186,0
5041,7187,0
5042,7188,0
5043,7191,0
5044,7192,0
5045,7193,1
5046,7194,0
5047,7195,0
5048,7196,0
5049,7197,0
5050,7198,0
5051,7199,1
5052,7201,1
5053,7202,0
5054,7203,1
5055,7204,0
5056,7205,1
5057,7206,1
5058,7208,0
5059,7210,1
5060,7211,0
5061,7213,1
5062,7214,0
5063,7215,1
5064,7218,0
5065,7221,0
5066,7223,0
5067,7224,1
5068,7226,1
5069,7227,0
5070,7228,0
5071,7229,1
5072,7230,0
5073,7231,0
5074,7232,0
5075,7234,0
5076,7235,1
5077,7236,1
5078,7241,0
5079,7242,0
5080,7244,0
5081,7247,1
5082,7248,1
5083,7250,0
5084,7251,1
5085,7252,1
5086,7253,1
5087,7254,1
5088,7255,1
5089,7256,1
5090,7260,1
5091,7261,1
5092,7264,1
5093,7265,1
5094,7266,1
5095,7267,1
5096,7268,1
5097,7270,1
5098,7272,1
5099,7274,1
5100,7275,0
5101,7277,1
5102,7278,1
5103,7280,1
5104,7281,1
5105,7283,1
5106,7285,1
5107,7286,1
5108,7287,1
5109,7288,1
5110,7289,1
5111,7290,1
5112,7291,1
5113,7292,0
5114,7294,0
5115,7295,0
5116,7296,0
5117,7297,0
5118,7299,1
5119,7300,0
5120,7301,1
5121,7302,0
5122,7306,1
5123,7307,0
5124,7309,0
5125,7310,0
5126,7311,0
5127,7312,1
5128,7315,1
5129,7316,1
5130,7317,1
5131,7318,1
5132,7319,1
5133,7320,0
5134,7323,0
5135,7324,0
5136,7325,0
5137,7326,0
5138,7328,0
5139,7329,1
5140,7330,0
5141,7331,0
5142,7332,0
5143,7334,1
5144,7335,1
5145,7337,1
5146,7338,0
5147,7340,0
5148,7342,0
5149,7343,0
5150,7344,0
5151,7345,0
5152,7348,0
5153,7350,0
5154,7352,0
5155,7354,0
5156,7355,0
5157,7356,1
5158,7357,0
5159,7358,0
5160,7359,0
5161,7360,0
5162,7361,1
5163,7362,1
5164,7365,0
5165,7366,0
5166,7367,0
5167,7369,0
5168,7371,0
5169,7372,0
5170,7373,0
5171,7374,0
5172,7377,1
5173,7378,0
5174,7380,0
5175,7381,0
5176,7383,0
5177,7386,1
5178,7390,0
5179,7391,0
5180,7392,1
5181,7393,0
5182,7395,0
5183,7397,0
5184,7400,0
5185,7402,0
5186,7403,0
5187,7405,0
5188,7407,1
5189,7408,0
5190,7410,0
5191,7412,0
5192,7413,0
5193,7414,0
5194,7415,0
5195,7416,0
5196,7418,0
5197,7419,0
5198,7421,0
5199,7424,0
5200,7425,1
5201,7426,0
5202,7428,0
5203,7430,0
5204,7431,0
5205,7433,0
5206,7434,0
5207,7437,1
5208,7438,0
5209,7439,0
5210,7442,0
5211,7443,0
5212,7444,0
5213,7446,1
5214,7447,0
5215,7451,0
5216,7452,0
5217,7453,0
5218,7456,0
5219,7457,1
5220,7458,0
5221,7459,0
5222,7461,0
5223,7463,1
5224,7465,0
5225,7467,0
5226,7470,0
5227,7473,0
5228,7474,0
5229,7475,0
5230,7476,0
5231,7477,0
5232,7478,0
5233,7479,0
5234,7480,0
5235,7481,0
5236,7482,0
5237,7488,0
5238,7490,0
5239,7491,0
5240,7493,0
5241,7494,1
5242,7496,1
5243,7497,1
5244,7498,1
5245,7501,1
5246,7502,1
5247,7503,1
5248,7504,1
5249,7505,1
5250,7507,1
5251,7510,1
5252,7512,1
5253,7513,1
5254,7514,1
5255,7515,1
5256,7517,1
5257,7518,1
5258,7519,1
5259,7520,1
5260,7521,1
5261,7522,1
5262,7523,1
5263,7525,1
5264,7526,1
5265,7527,1
5266,7528,1
5267,7529,1
5268,7530,1
5269,7531,1
5270,7532,1
5271,7533,1
5272,7534,1
5273,7535,1
5274,7536,1
5275,7537,1
5276,7540,1
5277,7542,1
5278,7543,1
5279,7544,1
5280,7545,1
5281,7547,1
5282,7548,1
5283,7550,1
5284,7551,1
5285,7552,1
5286,7553,1
5287,7554,1
5288,7555,1
5289,7556,1
5290,7557,1
5291,7558,1
5292,7559,1
5293,7560,1
5294,7561,1
5295,7563,1
5296,7565,1
5297,7566,1
5298,7568,1
5299,7569,1
5300,7570,1
5301,7571,1
5302,7573,1
5303,7576,0
5304,7577,1
5305,7578,1
5306,7579,1
5307,7580,1
5308,7581,1
5309,7582,1
5310,7583,1
5311,7584,1
5312,7585,1
5313,7587,1
5314,7588,1
5315,7589,1
5316,7590,1
5317,7591,1
5318,7593,1
5319,7594,1
5320,7595,0
5321,7598,0
5322,7600,0
5323,7601,0
5324,7602,0
5325,7603,0
5326,7604,0
5327,7605,0
5328,7607,1
5329,7608,0
5330,7609,0
5331,7610,0
5332,7611,1
5333,7612,0
5334,7613,0
5335,7614,0
5336,7616,0
5337,7617,0
5338,7619,0
5339,7621,1
5340,7622,0
5341,7623,0
5342,7626,0
5343,7627,0
5344,7628,0
5345,7630,0
5346,7631,0
5347,7633,0
5348,7634,0
5349,7635,0
5350,7638,0
5351,7639,0
5352,7640,0
5353,7641,0
5354,7642,1
5355,7643,1
5356,7644,0
5357,7645,0
5358,7647,0
5359,7648,0
5360,7649,0
5361,7650,0
5362,7651,0
5363,7652,0
5364,7653,0
5365,7654,0
5366,7656,0
5367,7657,0
5368,7659,0
5369,7661,0
5370,7662,1
5371,7663,0
5372,7668,0
5373,7669,0
5374,7670,1
5375,7671,0
5376,7672,0
5377,7674,0
5378,7675,0
5379,7677,0
5380,7678,0
5381,7679,0
5382,7680,0
5383,7681,0
5384,7683,0
5385,7685,0
5386,7686,0
5387,7687,1
5388,7688,0
5389,7689,0
5390,7691,0
5391,7692,0
5392,7693,0
5393,7694,0
5394,7695,0
5395,7696,0
5396,7698,1
5397,7699,0
5398,7701,0
5399,7702,0
5400,7703,0
5401,7707,0
5402,7711,0
5403,7712,0
5404,7714,0
5405,7715,0
5406,7717,0
5407,7718,0
5408,7719,0
5409,7720,0
5410,7721,0
5411,7722,0
5412,7723,0
5413,7724,0
5414,7725,0
5415,7727,0
5416,7728,0
5417,7731,0
5418,7733,0
5419,7735,0
5420,7736,0
5421,7737,0
5422,7738,0
5423,7739,0
5424,7742,0
5425,7743,0
5426,7744,0
5427,7746,1
5428,7747,1
5429,7748,1
5430,7749,0
5431,7750,1
5432,7751,1
5433,7752,1
5434,7753,0
5435,7754,1
5436,7755,1
5437,7756,1
5438,7758,0
5439,7759,1
5440,7760,1
5441,7761,0
5442,7763,0
5443,7764,0
5444,7765,0
5445,7766,0
5446,7767,1
5447,7768,1
5448,7769,1
5449,7771,0
5450,7772,1
5451,7773,0
5452,7774,1
5453,7775,0
5454,7780,1
5455,7781,1
5456,7783,0
5457,7784,1
5458,7785,1
5459,7787,0
5460,7788,0
5461,7789,1
5462,7790,1
5463,7793,1
5464,7797,1
5465,7799,0
5466,7800,0
5467,7801,0
5468,7802,0
5469,7803,0
5470,7804,0
5471,7807,0
5472,7809,0
5473,7810,0
5474,7812,0
5475,7813,0
5476,7815,0
5477,7816,0
5478,7817,0
5479,7818,0
5480,7821,0
5481,7822,0
5482,7823,0
5483,7824,0
5484,7826,0
5485,7827,0
5486,7828,0
5487,7830,0
5488,7831,1
5489,7832,0
5490,7833,0
5491,7835,0
5492,7837,0
5493,7839,0
5494,7840,0
5495,7842,0
5496,7843,0
5497,7844,0
5498,7847,0
5499,7848,0
5500,7849,0
5501,7850,0
5502,7851,0
5503,7852,1
5504,7854,0
5505,7855,0
5506,7857,1
5507,7860,0
5508,7861,0
5509,7862,0
5510,7863,0
5511,7864,0
5512,7865,1
5513,7867,0
5514,7868,1
5515,7869,1
5516,7870,0
5517,7871,0
5518,7872,0
5519,7873,1
5520,7874,1
5521,7876,0
5522,7877,0
5523,7878,1
5524,7880,1
5525,7881,1
5526,7882,0
5527,7883,0
5528,7885,0
5529,7887,1
5530,7888,1
5531,7889,0
5532,7891,0
5533,7893,0
5534,7894,0
5535,7895,0
5536,7897,1
5537,7898,1
5538,7902,0
5539,7903,0
5540,7905,1
5541,7906,1
5542,7907,0
5543,7908,0
5544,7909,0
5545,7910,1
5546,7912,0
5547,7913,1
5548,7914,1
5549,7915,0
5550,7916,0
5551,7918,1
5552,7923,1
5553,7924,1
5554,7926,0
5555,7929,0
5556,7930,1
5557,7932,0
5558,7933,0
5559,7934,0
5560,7935,1
5561,7936,1
5562,7937,1
5563,7938,0
5564,7939,0
5565,7940,1
5566,7941,1
5567,7943,0
5568,7944,1
5569,7945,0
5570,7949,0
5571,7950,0
5572,7952,1
5573,7953,0
5574,7954,1
5575,7955,1
5576,7957,1
5577,7958,1
5578,7959,0
5579,7960,1
5580,7962,1
5581,7963,1
5582,7965,1
5583,7968,1
5584,7969,1
5585,7970,1
5586,7971,1
5587,7972,1
5588,7973,1
5589,7976,1
5590,7977,1
5591,7978,1
5592,7980,0
5593,7981,1
5594,7982,1
5595,7983,1
5596,7984,1
5597,7987,1
5598,7988,1
5599,7989,1
5600,7990,1
5601,7991,1
5602,7992,0
5603,7994,1
5604,7996,1
5605,7999,1
5606,8000,1
5607,8001,1
5608,8002,1
5609,8003,1
5610,8005,1
5611,8006,1
5612,8008,0
5613,8009,0
5614,8010,1
5615,8012,0
5616,8013,1
5617,8015,0
5618,8016,1
5619,8017,1
5620,8018,0
5621,8019,1
5622,8020,1
5623,8021,0
5624,8023,0
5625,8024,1
5626,8025,0
5627,8026,1
5628,8028,1
5629,8029,1
5630,8030,1
5631,8031,0
5632,8032,0
5633,8034,0
5634,8035,1
5635,8036,1
5636,8037,0
5637,8038,1
5638,8039,0
5639,8040,1
5640,8043,0
5641,8044,0
5642,8045,0
5643,8047,0
5644,8049,1
5645,8055,0
5646,8056,1
5647,8057,1
5648,8058,1
5649,8060,1
5650,8061,0
5651,8062,0
5652,8064,1
5653,8065,0
5654,8066,0
5655,8067,0
5656,8068,0
5657,8069,0
5658,8070,0
5659,8071,0
5660,8073,0
5661,8074,0
5662,8079,0
5663,8081,0
5664,8083,0
5665,8084,1
5666,8085,1
5667,8087,0
5668,8088,0
5669,8089,1
5670,8091,0
5671,8094,1
5672,8095,1
5673,8096,1
5674,8097,1
5675,8098,0
5676,8100,0
5677,8101,0
5678,8102,0
5679,8103,1
5680,8105,0
5681,8106,1
5682,8109,0
5683,8110,1
5684,8111,1
5685,8112,0
5686,8113,1
5687,8116,0
5688,8118,0
5689,8119,1
5690,8120,0
5691,8121,0
5692,8122,1
5693,8125,1
5694,8126,1
5695,8128,1
5696,8129,1
5697,8130,0
5698,8131,1
5699,8133,0
5700,8135,0
5701,8136,0
5702,8137,0
5703,8138,0
5704,8140,1
5705,8141,1
5706,8142,1
5707,8143,1
5708,8144,1
5709,8146,1
5710,8147,1
5711,8149,1
5712,8150,1
5713,8154,0
5714,8155,1
5715,8156,0
5716,8158,1
5717,8159,1
5718,8161,1
5719,8162,1
5720,8163,1
5721,8164,1
5722,8165,0
5723,8168,1
5724,8169,1
5725,8170,1
5726,8171,1
5727,8172,1
5728,8175,1
5729,8176,1
5730,8177,1
5731,8180,1
5732,8181,0
5733,8182,1
5734,8183,1
5735,8184,1
5736,8187,1
5737,8188,1
5738,8189,1
5739,8190,1
5740,8191,1
5741,8195,0
5742,8196,0
5743,8201,1
5744,8202,0
5745,8203,0
5746,8204,0
5747,8205,0
5748,8208,0
5749,8209,0
5750,8210,0
5751,8211,0
5752,8212,0
5753,8213,0
5754,8214,0
5755,8215,0
5756,8216,0
5757,8217,0
5758,8218,1
5759,8219,0
5760,8221,0
5761,8223,0
5762,8224,0
5763,8225,0
5764,8226,0
5765,8231,0
5766,8232,0
5767,8234,1
5768,8235,0
5769,8236,0
5770,8237,1
5771,8238,0
5772,8239,1
5773,8240,0
5774,8241,0
5775,8242,0
5776,8243,0
5777,8244,1
5778,8245,0
5779,8246,1
5780,8247,1
5781,8250,1
5782,8251,0
5783,8252,0
5784,8253,0
5785,8254,1
5786,8256,1
5787,8257,1
5788,8258,0
5789,8259,1
5790,8261,1
5791,8262,1
5792,8264,0
5793,8266,1
5794,8267,0
5795,8270,1
5796,8271,0
5797,8274,1
5798,8276,0
5799,8278,1
5800,8279,0
5801,8280,0
5802,8283,1
5803,8284,1
5804,8285,1
5805,8286,0
5806,8287,1
5807,8288,1
5808,8289,1
5809,8291,1
5810,8292,0
5811,8294,0
5812,8295,0
5813,8296,1
5814,8297,1
5815,8298,0
5816,8300,0
5817,8301,1
5818,8304,0
5819,8309,1
5820,8310,0
5821,8311,1
5822,8312,0
5823,8314,1
5824,8315,1
5825,8317,1
5826,8318,0
5827,8320,0
5828,8321,0
5829,8324,0
5830,8329,1
5831,8330,1
5832,8332,0
5833,8334,1
5834,8335,1
5835,8337,0
5836,8339,0
5837,8341,1
5838,8344,0
5839,8345,0
5840,8346,0
5841,8347,0
5842,8348,0
5843,8349,0
5844,8350,0
5845,8351,0
5846,8352,0
5847,8355,0
5848,8356,0
5849,8360,0
5850,8361,0
5851,8362,0
5852,8363,1
5853,8364,0
5854,8365,0
5855,8366,0
5856,8367,0
5857,8368,0
5858,8369,0
5859,8370,0
5860,8371,0
5861,8372,0
5862,8374,0
5863,8375,0
5864,8377,0
5865,8378,0
5866,8382,0
5867,8383,0
5868,8385,0
5869,8386,0
5870,8387,0
5871,8388,0
5872,8389,0
5873,8390,0
5874,8391,0
5875,8392,0
5876,8393,1
5877,8394,1
5878,8396,0
5879,8397,1
5880,8399,0
5881,8400,1
5882,8401,1
5883,8402,1
5884,8404,1
5885,8405,1
5886,8406,1
5887,8408,0
5888,8409,1
5889,8410,1
5890,8411,1
5891,8412,1
5892,8414,0
5893,8415,1
5894,8416,1
5895,8418,1
5896,8419,1
5897,8422,1
5898,8423,1
5899,8425,0
5900,8428,1
5901,8429,1
5902,8430,0
5903,8431,1
5904,8432,1
5905,8433,1
5906,8434,1
5907,8435,1
5908,8436,0
5909,8437,0
5910,8440,0
5911,8441,1
5912,8443,0
5913,8444,0
5914,8445,0
5915,8446,0
5916,8447,0
5917,8448,1
5918,8450,1
5919,8451,0
5920,8452,0
5921,8453,0
5922,8454,0
5923,8455,0
5924,8457,0
5925,8458,0
5926,8459,0
5927,8461,0
5928,8463,0
5929,8464,0
5930,8468,0
5931,8471,0
5932,8472,0
5933,8473,0
5934,8475,0
5935,8476,0
5936,8477,0
5937,8478,0
5938,8480,0
5939,8483,0
5940,8484,0
5941,8486,0
5942,8487,0
5943,8489,1
5944,8490,0
5945,8491,0
5946,8494,0
5947,8496,0
5948,8497,0
5949,8498,0
5950,8500,1
5951,8502,0
5952,8503,0
5953,8504,0
5954,8505,0
5955,8506,0
5956,8507,0
5957,8508,0
5958,8509,0
5959,8510,0
5960,8511,0
5961,8512,0
5962,8513,0
5963,8514,0
5964,8515,0
5965,8516,0
5966,8517,0
5967,8518,0
5968,8520,0
5969,8522,0
5970,8523,0
5971,8524,0
5972,8526,0
5973,8528,1
5974,8530,0
5975,8531,0
5976,8533,0
5977,8536,0
5978,8538,0
5979,8539,0
5980,8540,0
5981,8541,0
5982,8542,0
5983,8543,0
5984,8545,1
5985,8546,0
5986,8547,0
5987,8550,0
5988,8551,0
5989,8553,0
5990,8555,0
5991,8556,0
5992,8557,0
5993,8558,0
5994,8559,0
5995,8560,0
5996,8561,0
5997,8562,0
5998,8567,0
5999,8570,0
6000,8571,0
6001,8572,0
6002,8574,0
6003,8575,0
6004,8576,0
6005,8577,1
6006,8578,0
6007,8579,0
6008,8580,0
6009,8581,0
6010,8582,0
6011,8584,1
6012,8585,0
6013,8586,1
6014,8587,0
6015,8589,0
6016,8591,0
6017,8595,1
6018,8596,0
6019,8598,1
6020,8599,0
6021,8606,1
6022,8607,0
6023,8608,0
6024,8609,1
6025,8610,0
6026,8612,0
6027,8613,0
6028,8615,1
6029,8618,0
6030,8620,1
6031,8621,0
6032,8622,0
6033,8623,0
6034,8624,0
6035,8625,1
6036,8627,0
6037,8628,0
6038,8631,1
6039,8633,1
6040,8635,0
6041,8636,1
6042,8637,1
6043,8638,1
6044,8639,0
6045,8640,0
6046,8642,0
6047,8643,1
6048,8644,0
6049,8646,0
6050,8647,1
6051,8648,1
6052,8650,1
6053,8651,1
6054,8653,0
6055,8654,1
6056,8655,1
6057,8656,1
6058,8657,1
6059,8658,0
6060,8659,0
6061,8660,0
6062,8661,1
6063,8662,1
6064,8663,1
6065,8664,1
6066,8665,1
6067,8667,1
6068,8668,1
6069,8669,1
6070,8670,0
6071,8673,0
6072,8674,1
6073,8676,1
6074,8677,0
6075,8680,1
6076,8681,0
6077,8683,1
6078,8684,1
6079,8685,0
6080,8686,1
6081,8688,0
6082,8689,1
6083,8690,1
6084,8691,1
6085,8692,0
6086,8693,0
6087,8694,0
6088,8695,0
6089,8696,0
6090,8697,0
6091,8698,0
6092,8699,0
6093,8700,0
6094,8702,0
6095,8704,1
6096,8705,0
6097,8706,0
6098,8708,0
6099,8709,0
6100,8710,1
6101,8711,0
6102,8712,0
6103,8714,0
6104,8715,0
6105,8717,0
6106,8718,0
6107,8720,0
6108,8721,0
6109,8722,0
6110,8723,0
6111,8724,0
6112,8726,0
6113,8727,0
6114,8728,0
6115,8729,0
6116,8732,0
6117,8733,0
6118,8734,0
6119,8735,0
6120,8736,0
6121,8737,0
6122,8738,1
6123,8739,0
6124,8740,0
6125,8741,0
6126,8742,0
6127,8743,0
6128,8744,0
6129,8745,0
6130,8746,0
6131,8747,1
6132,8750,0
6133,8751,0
6134,8752,0
6135,8753,0
6136,8754,0
6137,8755,0
6138,8757,0
6139,8758,0
6140,8759,0
6141,8760,0
6142,8761,1
6143,8762,1
6144,8763,0
6145,8766,0
6146,8767,0
6147,8768,0
6148,8770,0
6149,8774,0
6150,8775,0
6151,8776,0
6152,8777,0
6153,8778,0
6154,8780,1
6155,8781,0
6156,8782,0
6157,8783,0
6158,8784,0
6159,8785,0
6160,8786,1
6161,8787,0
6162,8788,0
6163,8789,0
6164,8790,0
6165,8791,0
6166,8793,1
6167,8795,1
6168,8797,0
6169,8799,0
6170,8800,0
6171,8801,0
6172,8802,1
6173,8804,0
6174,8805,0
6175,8806,0
6176,8808,0
6177,8810,1
6178,8812,0
6179,8815,0
6180,8816,1
6181,8817,0
6182,8823,0
6183,8825,1
6184,8829,0
6185,8830,0
6186,8831,0
6187,8832,1
6188,8835,0
6189,8836,0
6190,8837,0
6191,8838,0
6192,8839,0
6193,8840,0
6194,8841,0
6195,8842,0
6196,8843,0
6197,8844,0
6198,8846,0
6199,8848,0
6200,8850,0
6201,8851,0
6202,8852,0
6203,8853,0
6204,8854,0
6205,8855,0
6206,8856,0
6207,8857,0
6208,8858,0
6209,8859,0
6210,8860,0
6211,8862,0
6212,8863,0
6213,8864,0
6214,8865,0
6215,8866,0
6216,8869,0
6217,8871,0
6218,8872,1
6219,8875,0
6220,8878,0
6221,8880,0
6222,8881,0
6223,8883,0
6224,8885,0
6225,8886,0
6226,8887,0
6227,8888,0
6228,8890,0
6229,8892,0
6230,8893,0
6231,8896,0
6232,8899,0
6233,8900,0
6234,8902,1
6235,8903,0
6236,8905,1
6237,8906,0
6238,8907,0
6239,8908,0
6240,8912,1
6241,8913,0
6242,8914,0
6243,8916,1
6244,8920,0
6245,8921,0
6246,8923,1
6247,8924,1
6248,8926,1
6249,8927,0
6250,8931,0
6251,8933,0
6252,8934,1
6253,8935,0
6254,8936,1
6255,8938,0
6256,8939,0
6257,8941,0
6258,8942,0
6259,8944,0
6260,8945,1
6261,8946,0
6262,8947,0
6263,8948,0
6264,8949,1
6265,8952,1
6266,8953,1
6267,8955,0
6268,8956,0
6269,8957,1
6270,8959,1
6271,8961,1
6272,8962,0
6273,8963,0
6274,8965,0
6275,8966,1
6276,8967,0
6277,8968,0
6278,8969,0
6279,8970,1
6280,8971,1
6281,8972,1
6282,8973,0
6283,8974,0
6284,8976,1
6285,8978,0
6286,8979,1
6287,8980,0
6288,8983,0
6289,8985,1
6290,8986,1
6291,8987,1
6292,8989,1
6293,8992,0
6294,8993,0
6295,8994,0
6296,8996,0
6297,8998,0
6298,8999,0
6299,9000,0
6300,9001,0
6301,9002,0
6302,9005,0
6303,9006,0
6304,9007,0
6305,9008,0
6306,9009,0
6307,9012,0
6308,9016,0
6309,9018,0
6310,9020,0
6311,9022,0
6312,9023,0
6313,9025,0
6314,9026,0
6315,9027,0
6316,9028,0
6317,9029,0
6318,9030,0
6319,9031,0
6320,9033,0
6321,9034,1
6322,9038,0
6323,9039,0
6324,9040,0
6325,9041,0
6326,9042,1
6327,9044,1
6328,9045,0
6329,9047,1
6330,9051,1
6331,9052,1
6332,9053,1
6333,9054,1
6334,9055,0
6335,9057,1
6336,9058,0
6337,9059,1
6338,9060,0
6339,9061,1
6340,9062,0
6341,9064,1
6342,9067,1
6343,9071,1
6344,9072,1
6345,9074,1
6346,9075,1
6347,9077,0
6348,9078,0
6349,9079,0
6350,9080,0
6351,9081,0
6352,9082,0
6353,9083,1
6354,9084,0
6355,9085,1
6356,9086,1
6357,9087,1
6358,9088,1
6359,9089,1
6360,9090,1
6361,9093,0
6362,9094,0
6363,9095,1
6364,9096,1
6365,9097,1
6366,9098,1
6367,9099,1
6368,9100,1
6369,9101,1
6370,9102,1
6371,9103,1
6372,9106,0
6373,9107,1
6374,9109,1
6375,9110,1
6376,9112,1
6377,9113,1
6378,9114,1
6379,9116,1
6380,9118,1
6381,9119,1
6382,9120,1
6383,9121,1
6384,9123,1
6385,9124,1
6386,9126,1
6387,9128,1
6388,9130,1
6389,9131,1
6390,9132,1
6391,9134,1
6392,9135,1
6393,9137,1
6394,9139,1
6395,9141,1
6396,9142,1
6397,9143,1
6398,9144,1
6399,9145,1
6400,9146,1
6401,9148,1
6402,9149,1
6403,9151,1
6404,9154,1
6405,9156,1
6406,9157,1
6407,9159,1
6408,9161,1
6409,9162,1
6410,9164,1
6411,9166,1
6412,9169,1
6413,9171,1
6414,9172,1
6415,9173,1
6416,9174,1
6417,9175,1
6418,9177,1
6419,9179,1
6420,9180,1
6421,9181,1
6422,9182,1
6423,9183,1
6424,9185,1
6425,9187,1
6426,9191,1
6427,9192,1
6428,9193,1
6429,9194,1
6430,9195,1
6431,9197,1
6432,9203,1
6433,9206,1
6434,9207,1
6435,9208,1
6436,9209,1
6437,9210,1
6438,9211,1
6439,9212,1
6440,9215,1
6441,9216,1
6442,9217,1
6443,9218,1
6444,9219,1
6445,9220,1
6446,9221,1
6447,9222,1
6448,9223,1
6449,9225,1
6450,9226,1
6451,9230,1
6452,9231,1
6453,9232,0
6454,9233,1
6455,9235,1
6456,9237,1
6457,9238,1
6458,9239,1
6459,9240,1
6460,9242,1
6461,9244,0
6462,9246,0
6463,9247,1
6464,9248,1
6465,9249,0
6466,9250,0
6467,9251,0
6468,9252,0
6469,9253,0
6470,9254,0
6471,9255,1
6472,9257,0
6473,9259,0
6474,9260,0
6475,9262,0
6476,9263,1
6477,9264,0
6478,9265,0
6479,9266,0
6480,9267,0
6481,9268,0
6482,9269,0
6483,9270,0
6484,9271,0
6485,9272,0
6486,9273,0
6487,9275,0
6488,9276,0
6489,9277,0
6490,9278,0
6491,9280,0
6492,9281,0
6493,9283,0
6494,9286,0
6495,9287,0
6496,9288,0
6497,9289,0
6498,9290,1
6499,9292,0
6500,9293,0
6501,9294,0
6502,9296,0
6503,9297,0
6504,9298,0
6505,9300,0
6506,9301,1
6507,9303,0
6508,9307,0
6509,9308,0
6510,9309,0
6511,9311,0
6512,9313,0
6513,9314,1
6514,9315,1
6515,9317,1
6516,9319,0
6517,9320,0
6518,9321,0
6519,9322,0
6520,9324,0
6521,9325,0
6522,9329,0
6523,9330,0
6524,9332,0
6525,9333,0
6526,9334,0
6527,9337,1
6528,9338,0
6529,9339,0
6530,9341,0
6531,9342,0
6532,9343,0
6533,9344,0
6534,9345,0
6535,9346,0
6536,9347,0
6537,9348,1
6538,9350,0
6539,9351,1
6540,9355,1
6541,9360,0
6542,9361,1
6543,9362,0
6544,9363,0
6545,9365,0
6546,9367,0
6547,9368,0
6548,9371,0
6549,9372,0
6550,9373,0
6551,9374,0
6552,9375,1
6553,9376,1
6554,9377,0
6555,9378,0
6556,9380,0
6557,9382,1
6558,9384,0
6559,9385,1
6560,9386,0
6561,9387,0
6562,9388,0
6563,9391,1
6564,9393,1
6565,9395,0
6566,9396,1
6567,9397,1
6568,9401,1
6569,9402,1
6570,9403,1
6571,9404,1
6572,9405,1
6573,9406,1
6574,9408,0
6575,9410,1
6576,9411,0
6577,9414,0
6578,9416,1
6579,9417,0
6580,9418,0
6581,9420,1
6582,9421,1
6583,9422,1
6584,9425,0
6585,9430,0
6586,9431,1
6587,9432,0
6588,9434,0
6589,9435,1
6590,9436,1
6591,9438,1
6592,9439,0
6593,9441,1
6594,9445,1
6595,9446,1
6596,9448,1
6597,9449,1
6598,9450,1
6599,9451,1
6600,9452,1
6601,9453,1
6602,9454,1
6603,9455,0
6604,9456,1
6605,9457,1
6606,9458,1
6607,9460,1
6608,9463,0
6609,9465,1
6610,9466,1
6611,9467,1
6612,9468,0
6613,9469,1
6614,9470,0
6615,9471,0
6616,9472,0
6617,9474,1
6618,9480,1
6619,9481,0
6620,9482,1
6621,9484,1
6622,9485,0
6623,9486,1
6624,9488,1
6625,9489,0
6626,9490,1
6627,9491,1
6628,9492,1
6629,9493,0
6630,9495,0
6631,9496,0
6632,9499,0
6633,9500,1
6634,9501,0
6635,9502,1
6636,9503,1
6637,9504,0
6638,9505,1
6639,9507,1
6640,9508,0
6641,9509,1
6642,9510,1
6643,9511,1
6644,9513,1
6645,9519,0
6646,9520,0
6647,9522,0
6648,9524,0
6649,9525,1
6650,9526,1
6651,9529,1
6652,9531,1
6653,9533,1
6654,9537,1
6655,9538,1
6656,9539,1
6657,9540,1
6658,9541,0
6659,9542,0
6660,9547,0
6661,9548,0
6662,9550,0
6663,9551,0
6664,9552,0
6665,9553,0
6666,9554,0
6667,9555,0
6668,9556,0
6669,9557,1
6670,9559,0
6671,9562,0
6672,9563,0
6673,9564,0
6674,9565,0
6675,9566,0
6676,9567,0
6677,9568,0
6678,9569,0
6679,9571,1
6680,9572,0
6681,9574,1
6682,9575,0
6683,9576,0
6684,9577,0
6685,9579,0
6686,9580,1
6687,9581,0
6688,9582,1
6689,9583,0
6690,9585,0
6691,9586,1
6692,9589,1
6693,9590,1
6694,9591,0
6695,9592,0
6696,9593,1
6697,9594,0
6698,9595,1
6699,9596,0
6700,9597,0
6701,9598,0
6702,9600,1
6703,9602,1
6704,9603,0
6705,9605,0
6706,9606,0
6707,9607,1
6708,9608,1
6709,9609,1
6710,9610,0
6711,9611,1
6712,9612,1
6713,9613,1
6714,9616,1
6715,9617,0
6716,9618,0
6717,9619,0
6718,9620,1
6719,9625,1
6720,9627,1
6721,9629,1
6722,9632,1
6723,9634,1
6724,9636,1
6725,9638,1
6726,9639,1
6727,9640,0
6728,9642,1
6729,9643,1
6730,9644,1
6731,9645,1
6732,9646,1
6733,9650,1
6734,9651,1
6735,9652,1
6736,9653,1
6737,9654,0
6738,9655,1
6739,9656,0
6740,9657,1
6741,9659,0
6742,9660,0
6743,9661,0
6744,9663,0
6745,9664,0
6746,9665,0
6747,9666,0
6748,9667,1
6749,9669,1
6750,9670,1
6751,9672,0
6752,9673,1
6753,9674,1
6754,9675,1
6755,9678,0
6756,9680,0
6757,9681,1
6758,9683,0
6759,9684,1
6760,9686,0
6761,9687,0
6762,9688,0
6763,9690,1
6764,9691,0
6765,9695,1
6766,9697,0
6767,9698,0
6768,9699,1
6769,9701,0
6770,9702,1
6771,9703,1
6772,9704,1
6773,9705,0
6774,9706,0
6775,9707,0
6776,9708,1
6777,9709,1
6778,9710,0
6779,9712,0
6780,9714,0
6781,9715,0
6782,9716,1
6783,9717,0
6784,9718,1
6785,9719,0
6786,9722,0
6787,9723,1
6788,9724,0
6789,9728,1
6790,9729,1
6791,9730,1
6792,9731,1
6793,9732,0
6794,9733,0
6795,9734,1
6796,9736,0
6797,9737,1
6798,9738,1
6799,9739,1
6800,9741,0
6801,9744,1
6802,9745,1
6803,9746,1
6804,9749,0
6805,9750,1
6806,9752,1
6807,9753,1
6808,9754,1
6809,9755,1
6810,9756,0
6811,9757,1
6812,9759,1
6813,9760,0
6814,9761,0
6815,9762,0
6816,9763,0
6817,9764,1
6818,9765,1
6819,9766,0
6820,9769,0
6821,9770,0
6822,9771,0
6823,9772,0
6824,9774,0
6825,9775,1
6826,9776,0
6827,9778,0
6828,9779,0
6829,9780,1
6830,9782,0
6831,9783,0
6832,9785,0
6833,9787,0
6834,9788,0
6835,9790,0
6836,9791,1
6837,9794,0
6838,9795,0
6839,9796,0
6840,9797,0
6841,9800,0
6842,9801,0
6843,9806,0
6844,9808,1
6845,9810,0
6846,9812,0
6847,9813,1
6848,9815,0
6849,9816,0
6850,9818,0
6851,9819,0
6852,9820,1
6853,9822,1
6854,9823,1
6855,9826,0
6856,9828,0
6857,9829,0
6858,9830,0
6859,9831,0
6860,9832,0
6861,9833,0
6862,9834,1
6863,9835,0
6864,9836,0
6865,9837,0
6866,9838,1
6867,9841,1
6868,9842,0
6869,9846,0
6870,9849,0
6871,9850,0
6872,9853,0
6873,9854,0
6874,9857,0
6875,9858,0
6876,9859,0
6877,9860,0
6878,9861,0
6879,9862,0
6880,9864,0
6881,9865,0
6882,9866,0
6883,9868,0
6884,9869,0
6885,9870,0
6886,9872,0
6887,9873,0
6888,9874,0
6889,9875,0
6890,9877,0
6891,9878,0
6892,9880,0
6893,9881,0
6894,9883,1
6895,9884,0
6896,9885,0
6897,9886,0
6898,9887,0
6899,9888,0
6900,9889,0
6901,9890,0
6902,9894,0
6903,9896,0
6904,9897,0
6905,9898,0
6906,9901,0
6907,9905,0
6908,9906,0
6909,9907,0
6910,9909,0
6911,9910,0
6912,9911,0
6913,9912,1
6914,9915,0
6915,9916,0
6916,9918,0
6917,9919,0
6918,9920,0
6919,9921,0
6920,9923,0
6921,9925,0
6922,9930,0
6923,9931,1
6924,9932,0
6925,9933,1
6926,9934,0
6927,9935,0
6928,9937,0
6929,9938,0
6930,9940,1
6931,9941,0
6932,9942,0
6933,9943,0
6934,9944,0
6935,9945,0
6936,9946,0
6937,9948,0
6938,9949,0
6939,9950,0
6940,9952,0
6941,9953,0
6942,9955,0
6943,9958,0
6944,9960,1
6945,9961,1
6946,9963,0
6947,9965,0
6948,9967,0
6949,9971,0
6950,9972,1
6951,9973,0
6952,9974,0
6953,9976,1
6954,9978,1
6955,9979,0
6956,9980,0
6957,9982,0
6958,9983,0
6959,9984,0
6960,9985,1
6961,9986,0
6962,9987,0
6963,9988,1
6964,9989,1
6965,9990,0
6966,9991,1
6967,9992,1
6968,9994,0
6969,9995,0
6970,9998,0
6971,10000,0
6972,10001,1
6973,10003,0
6974,10004,0
6975,10005,0
6976,10006,0
6977,10008,1
6978,10009,0
6979,10010,0
6980,10011,0
6981,10012,1
6982,10013,0
6983,10014,0
6984,10016,0
6985,10017,0
6986,10018,0
6987,10020,0
6988,10021,0
6989,10023,0
6990,10025,0
6991,10027,0
6992,10028,0
6993,10029,0
6994,10030,0
6995,10031,0
6996,10032,0
6997,10034,1
6998,10035,0
6999,10036,0
7000,10037,0
7001,10038,0
7002,10039,0
7003,10040,1
7004,10041,0
7005,10042,0
7006,10044,0
7007,10045,0
7008,10047,0
7009,10048,0
7010,10049,0
7011,10050,0
7012,10052,0
7013,10054,0
7014,10055,0
7015,10056,0
7016,10057,0
7017,10058,1
7018,10059,1
7019,10060,1
7020,10061,1
7021,10064,1
7022,10066,1
7023,10067,1
7024,10069,1
7025,10070,1
7026,10071,1
7027,10072,1
7028,10073,1
7029,10074,1
7030,10075,1
7031,10076,1
7032,10077,1
7033,10079,1
7034,10080,1
7035,10081,1
7036,10082,1
7037,10083,1
7038,10084,1
7039,10085,1
7040,10087,1
7041,10088,1
7042,10089,1
7043,10090,0
7044,10091,1
7045,10092,1
7046,10093,1
7047,10098,1
7048,10099,1
7049,10100,1
7050,10101,1
7051,10102,1
7052,10105,1
7053,10106,1
7054,10107,1
7055,10109,0
7056,10110,0
7057,10111,0
7058,10112,0
7059,10113,0
7060,10114,0
7061,10115,0
7062,10116,0
7063,10117,0
7064,10118,0
7065,10119,0
7066,10120,0
7067,10121,0
7068,10124,0
7069,10125,0
7070,10126,0
7071,10127,0
7072,10129,0
7073,10130,1
7074,10132,0
7075,10136,0
7076,10137,0
7077,10138,0
7078,10139,0
7079,10140,0
7080,10141,0
7081,10142,1
7082,10143,0
7083,10144,0
7084,10146,0
7085,10147,0
7086,10149,0
7087,10150,0
7088,10151,0
7089,10152,0
7090,10153,1
7091,10156,0
7092,10157,0
7093,10159,1
7094,10163,1
7095,10164,1
7096,10168,1
7097,10169,1
7098,10171,1
7099,10172,1
7100,10173,0
7101,10174,0
7102,10175,1
7103,10176,0
7104,10177,1
7105,10179,1
7106,10182,1
7107,10183,0
7108,10184,1
7109,10186,1
7110,10187,0
7111,10189,1
7112,10191,1
7113,10192,1
7114,10193,0
7115,10194,1
7116,10195,1
7117,10197,1
7118,10198,1
7119,10199,1
7120,10201,1
7121,10202,1
7122,10203,1
7123,10204,1
7124,10206,1
7125,10207,1
7126,10208,1
7127,10209,1
7128,10210,1
7129,10212,1
7130,10213,0
7131,10214,1
7132,10215,1
7133,10217,1
7134,10218,0
7135,10220,1
7136,10222,1
7137,10223,1
7138,10224,1
7139,10226,0
7140,10229,1
7141,10231,0
7142,10234,0
7143,10236,1
7144,10237,1
7145,10239,1
7146,10241,0
7147,10243,0
7148,10244,1
7149,10245,0
7150,10246,1
7151,10247,1
7152,10249,0
7153,10250,0
7154,10251,0
7155,10252,0
7156,10253,0
7157,10255,0
7158,10256,0
7159,10258,0
7160,10259,0
7161,10260,0
7162,10263,1
7163,10264,0
7164,10265,1
7165,10268,1
7166,10269,0
7167,10270,0
7168,10272,0
7169,10273,0
7170,10274,1
7171,10275,0
7172,10276,0
7173,10278,0
7174,10280,0
7175,10283,0
7176,10284,0
7177,10286,1
7178,10287,0
7179,10288,1
7180,10289,1
7181,10290,0
7182,10291,0
7183,10293,0
7184,10294,0
7185,10295,0
7186,10296,1
7187,10297,0
7188,10299,0
7189,10301,0
7190,10302,0
7191,10303,0
7192,10304,1
7193,10305,1
7194,10306,0
7195,10307,0
7196,10308,0
7197,10310,1
7198,10313,0
7199,10314,0
7200,10315,1
7201,10316,0
7202,10317,0
7203,10318,1
7204,10320,0
7205,10321,0
7206,10322,0
7207,10323,0
7208,10325,0
7209,10327,0
7210,10329,0
7211,10330,1
7212,10331,1
7213,10332,1
7214,10333,0
7215,10334,1
7216,10335,0
7217,10336,0
7218,10337,0
7219,10338,0
7220,10339,1
7221,10340,0
7222,10341,1
7223,10342,0
7224,10344,1
7225,10345,0
7226,10348,0
7227,10349,1
7228,10350,0
7229,10351,0
7230,10352,0
7231,10355,1
7232,10358,1
7233,10359,0
7234,10360,0
7235,10361,0
7236,10364,0
7237,10365,1
7238,10366,0
7239,10367,1
7240,10368,0
7241,10369,0
7242,10371,0
7243,10372,0
7244,10374,0
7245,10375,1
7246,10376,0
7247,10377,0
7248,10378,0
7249,10379,0
7250,10380,0
7251,10381,0
7252,10382,1
7253,10383,0
7254,10384,1
7255,10385,0
7256,10387,0
7257,10390,1
7258,10392,0
7259,10393,0
7260,10394,1
7261,10395,0
7262,10396,1
7263,10398,0
7264,10399,0
7265,10401,0
7266,10402,1
7267,10405,0
7268,10406,1
7269,10407,0
7270,10409,1
7271,10410,0
7272,10411,0
7273,10412,1
7274,10413,0
7275,10414,0
7276,10415,0
7277,10416,0
7278,10418,1
7279,10419,0
7280,10420,1
7281,10421,1
7282,10422,0
7283,10423,0
7284,10424,0
7285,10426,1
7286,10427,0
7287,10428,0
7288,10429,0
7289,10430,0
7290,10431,0
7291,10432,0
7292,10433,1
7293,10434,1
7294,10436,1
7295,10439,1
7296,10441,1
7297,10443,1
7298,10444,1
7299,10445,1
7300,10446,1
7301,10448,1
7302,10449,1
7303,10450,1
7304,10451,1
7305,10455,1
7306,10456,1
7307,10457,1
7308,10458,1
7309,10461,1
7310,10462,1
7311,10464,0
7312,10466,1
7313,10467,1
7314,10468,1
7315,10470,1
7316,10471,1
7317,10472,0
7318,10473,1
7319,10478,0
7320,10479,1
7321,10481,1
7322,10482,0
7323,10483,0
7324,10484,1
7325,10485,0
7326,10486,1
7327,10487,1
7328,10488,1
7329,10489,1
7330,10490,0
7331,10492,1
7332,10496,0
7333,10498,1
7334,10499,1
7335,10500,1
7336,10502,1
7337,10503,1
7338,10505,1
7339,10506,1
7340,10508,1
7341,10511,1
7342,10513,0
7343,10515,1
7344,10516,1
7345,10517,1
7346,10518,1
7347,10519,1
7348,10520,1
7349,10521,1
7350,10522,1
7351,10523,0
7352,10524,1
7353,10525,1
7354,10527,1
7355,10529,1
7356,10533,1
7357,10534,1
7358,10535,0
7359,10536,1
7360,10537,0
7361,10540,1
7362,10541,0
7363,10543,1
7364,10544,0
7365,10545,1
7366,10546,0
7367,10548,0
7368,10550,1
7369,10551,1
7370,10552,1
7371,10553,0
7372,10554,0
7373,10555,1
7374,10557,0
7375,10558,0
7376,10559,0
7377,10560,0
7378,10561,1
7379,10562,0
7380,10563,1
7381,10564,0
7382,10565,0
7383,10566,0
7384,10567,0
7385,10568,1
7386,10570,0
7387,10571,0
7388,10573,0
7389,10574,1
7390,10575,1
7391,10576,1
7392,10578,0
7393,10580,0
7394,10581,0
7395,10582,1
7396,10583,1
7397,10584,0
7398,10585,1
7399,10587,1
7400,10588,0
7401,10589,0
7402,10590,1
7403,10591,1
7404,10592,1
7405,10593,1
7406,10596,0
7407,10598,1
7408,10599,1
7409,10600,1
7410,10601,1
7411,10603,1
7412,10605,0
7413,10606,1
7414,10607,0
7415,10608,0
7416,10609,0
7417,10610,0
7418,10611,1
7419,10612,1
7420,10613,1
7421,10615,1
7422,10616,0
7423,10620,1
7424,10621,0
7425,10622,1
7426,10623,1
7427,10625,1
7428,10626,1
7429,10627,1
7430,10628,1
7431,10629,0
7432,10630,0
7433,10631,1
7434,10632,1
7435,10636,1
7436,10637,0
7437,10640,0
7438,10641,1
7439,10644,0
7440,10647,1
7441,10648,0
7442,10650,0
7443,10651,0
7444,10655,0
7445,10656,0
7446,10657,1
7447,10658,0
7448,10659,0
7449,10660,0
7450,10662,0
7451,10663,0
7452,10665,0
7453,10666,0
7454,10667,1
7455,10669,0
7456,10671,0
7457,10672,0
7458,10673,0
7459,10675,0
7460,10676,1
7461,10677,1
7462,10678,0
7463,10679,0
7464,10680,1
7465,10681,1
7466,10682,1
7467,10684,0
7468,10685,0
7469,10686,1
7470,10687,0
7471,10688,0
7472,10689,0
7473,10690,0
7474,10691,0
7475,10692,1
7476,10693,0
7477,10695,0
7478,10696,0
7479,10698,0
7480,10700,0
7481,10702,1
7482,10704,0
7483,10705,0
7484,10706,0
7485,10707,0
7486,10708,0
7487,10709,0
7488,10710,0
7489,10711,0
7490,10712,0
7491,10715,1
7492,10718,0
7493,10720,0
7494,10721,0
7495,10722,1
7496,10723,0
7497,10724,0
7498,10726,0
7499,10727,0
7500,10729,1
7501,10730,1
7502,10731,0
7503,10732,0
7504,10733,0
7505,10735,1
7506,10736,1
7507,10737,1
7508,10739,1
7509,10741,1
7510,10743,1
7511,10744,1
7512,10745,1
7513,10746,1
7514,10747,1
7515,10748,1
7516,10749,1
7517,10750,1
7518,10751,1
7519,10752,1
7520,10753,1
7521,10754,1
7522,10755,1
7523,10759,1
7524,10760,1
7525,10763,1
7526,10764,1
7527,10765,1
7528,10766,1
7529,10767,1
7530,10768,1
7531,10769,1
7532,10770,1
7533,10771,1
7534,10772,1
7535,10774,1
7536,10775,1
7537,10776,1
7538,10777,1
7539,10779,1
7540,10780,1
7541,10782,1
7542,10783,1
7543,10784,1
7544,10785,0
7545,10786,0
7546,10787,0
7547,10788,0
7548,10789,0
7549,10790,0
7550,10793,0
7551,10794,0
7552,10795,0
7553,10798,0
7554,10799,0
7555,10800,0
7556,10802,0
7557,10803,0
7558,10805,0
7559,10808,1
7560,10809,0
7561,10810,0
7562,10811,0
7563,10812,0
7564,10813,0
7565,10814,0
7566,10815,0
7567,10817,0
7568,10818,0
7569,10819,0
7570,10821,0
7571,10822,0
7572,10823,1
7573,10824,0
7574,10825,0
7575,10826,0
7576,10827,0
7577,10829,0
7578,10830,0
7579,10831,0
7580,10832,0
7581,10833,0
7582,10834,0
7583,10835,1
7584,10837,0
7585,10839,1
7586,10840,0
7587,10841,0
7588,10842,1
7589,10843,0
7590,10844,1
7591,10846,1
7592,10847,1
7593,10848,0
7594,10849,1
7595,10850,1
7596,10851,1
7597,10852,1
7598,10853,1
7599,10854,1
7600,10855,1
7601,10859,1
7602,10860,1
7603,10862,1
7604,10863,1
7605,10864,0
7606,10866,1
7607,10867,1
7608,10869,1
7609,10870,1
7610,10871,1
7611,10872,1
7612,10873,1
